playerid,award,year,lgid,note,pos
abdulka01,All-Defensive Second Team,1969,NBA,,
abdulka01,All-NBA Second Team,1969,NBA,,C
abdulka01,Rookie of the Year,1969,NBA,,
abdulka01,All-Defensive Second Team,1970,NBA,,
abdulka01,All-NBA First Team,1970,NBA,,C
abdulka01,Finals MVP,1970,NBA,,
abdulka01,Most Valuable Player,1970,NBA,,
abdulka01,All-NBA First Team,1971,NBA,,C
abdulka01,Most Valuable Player,1971,NBA,,
abdulka01,All-NBA First Team,1972,NBA,,C
abdulka01,All-Defensive First Team,1973,NBA,,
abdulka01,All-NBA First Team,1973,NBA,,C
abdulka01,Most Valuable Player,1973,NBA,,
abdulka01,All-Defensive First Team,1974,NBA,,
abdulka01,All-Defensive Second Team,1975,NBA,,
abdulka01,All-NBA First Team,1975,NBA,,C
abdulka01,Most Valuable Player,1975,NBA,,
abdulka01,All-Defensive Second Team,1976,NBA,,
abdulka01,All-NBA First Team,1976,NBA,,C
abdulka01,Most Valuable Player,1976,NBA,,
abdulka01,All-Defensive Second Team,1977,NBA,tie,
abdulka01,All-NBA Second Team,1977,NBA,,C
abdulka01,All-Defensive First Team,1978,NBA,,
abdulka01,All-NBA Second Team,1978,NBA,,C
abdulka01,All-Defensive First Team,1979,NBA,,
abdulka01,All-NBA First Team,1979,NBA,,C
abdulka01,Most Valuable Player,1979,NBA,,
abdulka01,All-Defensive First Team,1980,NBA,,
abdulka01,All-NBA First Team,1980,NBA,,C
abdulka01,All-NBA Second Team,1982,NBA,,C
abdulka01,All-Defensive Second Team,1983,NBA,,
abdulka01,All-NBA First Team,1983,NBA,,C
abdulka01,All-NBA Second Team,1984,NBA,,C
abdulka01,Finals MVP,1984,NBA,,
abdulka01,All-NBA First Team,1985,NBA,,C
abdulma02,Most Improved Player,1992,NBA,,
adamsal01,Rookie of the Year,1975,NBA,,
aingeda01,Executive of the Year,2007,NBA,,
aldrila01,All-NBA Third Team,2010,NBA,,F
allenra02,All-NBA Third Team,2000,NBA,,G
allenra02,All-NBA Second Team,2004,NBA,,G
allento01,All-Defensive Second Team,2010,NBA,,G
allento01,All-Defensive First Team,2011,NBA,,G
anderry01,Most Improved Player,2011,NBA,,
anthoca01,All-NBA Third Team,2005,NBA,,F
anthoca01,All-NBA Third Team,2006,NBA,,F
anthoca01,All-NBA Third Team,2008,NBA,,F
anthoca01,All-NBA Second Team,2009,NBA,,F
anthoca01,All-NBA Third Team,2011,NBA,,F
archina01,All-NBA Second Team,1971,NBA,,G
archina01,All-NBA First Team,1972,NBA,,G
archina01,All-NBA First Team,1974,NBA,,G
archina01,All-NBA First Team,1975,NBA,,G
archina01,All-NBA Second Team,1980,NBA,,G
arenagi01,Most Improved Player,2002,NBA,,
arenagi01,All-NBA Third Team,2004,NBA,,G
arenagi01,All-NBA Third Team,2005,NBA,,G
arenagi01,All-NBA Second Team,2006,NBA,,G
arizipa01,All-NBA First Team,1951,NBA,,
arizipa01,All-NBA First Team,1955,NBA,,F
arizipa01,All-NBA First Team,1956,NBA,,F
arizipa01,All-NBA Second Team,1958,NBA,,F
armstda01,Most Improved Player,1998,NBA,,
armstda01,Sixth Man of the Year,1998,NBA,,
artesro01,All-Defensive Second Team,2002,NBA,,
artesro01,All-Defensive First Team,2003,NBA,,
artesro01,All-NBA Third Team,2003,NBA,,F
artesro01,Defensive Player of the Year,2003,NBA,,
artesro01,All-Defensive First Team,2005,NBA,,
artesro01,All-Defensive Second Team,2008,NBA,,
artesro01,J. Walter Kennedy Citizenship Award,2010,NBA,,
augusdj01,All-Rookie Second Team,2008,NBA,tie,
austiis01,Most Improved Player,1996,NBA,,
bakervi01,All-NBA Third Team,1996,NBA,,F
bakervi01,All-NBA Second Team,1997,NBA,,F
barbole01,Sixth Man of the Year,2006,NBA,,
barklch01,All-NBA Second Team,1985,NBA,,F
barklch01,All-NBA Second Team,1986,NBA,,F
barklch01,All-NBA First Team,1987,NBA,,F
barklch01,All-NBA First Team,1988,NBA,,F
barklch01,All-NBA First Team,1989,NBA,,F
barklch01,All-NBA First Team,1990,NBA,,F
barklch01,All-NBA Second Team,1991,NBA,,F
barklch01,All-NBA First Team,1992,NBA,,F
barklch01,Most Valuable Player,1992,NBA,,
barklch01,All-NBA Second Team,1993,NBA,,F
barklch01,All-NBA Second Team,1994,NBA,,F
barklch01,All-NBA Third Team,1995,NBA,,F
barnema01,All-ABA Second Team,1974,ABA,,F
barnema01,Rookie of the Year,1974,ABA,,
barroda01,Most Improved Player,1994,NBA,,
barryri01,All-NBA First Team,1965,NBA,,F
barryri01,Rookie of the Year,1965,NBA,,
barryri01,All-NBA First Team,1966,NBA,,F
barryri01,All-ABA First Team,1968,ABA,,F
barryri01,All-ABA First Team,1969,ABA,,F
barryri01,All-ABA First Team,1970,ABA,,F
barryri01,All-ABA First Team,1971,ABA,,F
barryri01,All-NBA Second Team,1972,NBA,,F
barryri01,All-NBA First Team,1973,NBA,,F
barryri01,All-NBA First Team,1974,NBA,,F
barryri01,Finals MVP,1974,NBA,,
barryri01,All-NBA First Team,1975,NBA,,F
battish01,All-Defensive Second Team,2007,NBA,,F
battish01,All-Defensive Second Team,2008,NBA,,
baumhfr01,All-NBA Second Team,1946,NBA,,
bayloel01,All-NBA First Team,1958,NBA,,F
bayloel01,Rookie of the Year,1958,NBA,,
bayloel01,All-NBA First Team,1959,NBA,,F
bayloel01,All-NBA First Team,1960,NBA,,F
bayloel01,All-NBA First Team,1961,NBA,,F
bayloel01,All-NBA First Team,1962,NBA,,F
bayloel01,All-NBA First Team,1963,NBA,,F
bayloel01,All-NBA First Team,1964,NBA,,F
bayloel01,All-NBA First Team,1966,NBA,,F
bayloel01,All-NBA First Team,1967,NBA,,F
bayloel01,All-NBA First Team,1968,NBA,,F
beardra01,All-NBA Second Team,1949,NBA,,
beardra01,All-NBA First Team,1950,NBA,,
beasljo01,All-ABA Second Team,1967,ABA,,C
beasljo01,All-ABA Second Team,1968,ABA,,F
beaslmi01,All-Rookie First Team,2008,NBA,,
beatyze01,All-ABA Second Team,1970,ABA,tie,C
beatyze01,Finals MVP,1970,ABA,,
beatyze01,All-ABA Second Team,1971,ABA,,C
bellawa01,Rookie of the Year,1961,NBA,,
bellra01,All-Defensive First Team,2006,NBA,,
bellra01,All-Defensive Second Team,2007,NBA,,G
billuch01,Finals MVP,2003,NBA,,
billuch01,All-Defensive Second Team,2004,NBA,,
billuch01,All-Defensive Second Team,2005,NBA,,
billuch01,All-NBA Second Team,2005,NBA,,G
billuch01,All-NBA Third Team,2006,NBA,,G
billuch01,All-NBA Third Team,2008,NBA,,G
billuch01,Sportsmanship Award,2008,NBA,,
bingda01,Rookie of the Year,1966,NBA,,
bingda01,All-NBA First Team,1967,NBA,,G
bingda01,All-NBA First Team,1970,NBA,,G
bingda01,All-NBA Second Team,1973,NBA,,G
birdla01,All-NBA First Team,1979,NBA,,F
birdla01,Rookie of the Year,1979,NBA,,
birdla01,All-NBA First Team,1980,NBA,,F
birdla01,All-Defensive Second Team,1981,NBA,,
birdla01,All-NBA First Team,1981,NBA,,F
birdla01,All-Defensive Second Team,1982,NBA,,
birdla01,All-NBA First Team,1982,NBA,,F
birdla01,All-Defensive Second Team,1983,NBA,,
birdla01,All-NBA First Team,1983,NBA,,F
birdla01,Finals MVP,1983,NBA,,
birdla01,Most Valuable Player,1983,NBA,,
birdla01,All-NBA First Team,1984,NBA,,F
birdla01,Most Valuable Player,1984,NBA,,
birdla01,All-NBA First Team,1985,NBA,,F
birdla01,Finals MVP,1985,NBA,,
birdla01,Most Valuable Player,1985,NBA,,
birdla01,All-NBA First Team,1986,NBA,,F
birdla01,All-NBA First Team,1987,NBA,,F
birdla01,All-NBA Second Team,1989,NBA,,F
birdsot01,All-NBA Second Team,1980,NBA,,G
blairde01,All-Rookie Second Team,2009,NBA,,
blaylmo01,All-Defensive First Team,1993,NBA,,
blaylmo01,All-Defensive First Team,1994,NBA,,
blaylmo01,All-Defensive Second Team,1995,NBA,,
blaylmo01,All-Defensive Second Team,1996,NBA,,
blaylmo01,All-Defensive Second Team,1997,NBA,,
blaylmo01,All-Defensive Second Team,1998,NBA,,
bledser01,All-Rookie Second Team,2010,NBA,,G
bogutan01,All-NBA Third Team,2009,NBA,,C
bolma01,All-Defensive Second Team,1985,NBA,,
boonero01,All-ABA Second Team,1973,ABA,,G
boonero01,All-ABA First Team,1974,ABA,,G
boozeca01,All-NBA Third Team,2007,NBA,,F
boshch01,All-NBA Second Team,2006,NBA,,F
bowenbr01,All-Defensive Second Team,2000,NBA,,
bowenbr01,All-Defensive Second Team,2001,NBA,,
bowenbr01,All-Defensive Second Team,2002,NBA,,
bowenbr01,All-Defensive First Team,2003,NBA,,
bowenbr01,All-Defensive First Team,2004,NBA,,
bowenbr01,All-Defensive First Team,2005,NBA,,
bowenbr01,All-Defensive First Team,2006,NBA,,
bowenbr01,All-Defensive First Team,2007,NBA,,G
bradldu01,All-Defensive Second Team,1980,NBA,tie,
brandel01,Rookie of the Year,1999,NBA,tie,
brandel01,All-NBA Second Team,2005,NBA,,F
braunca01,All-NBA Second Team,1947,NBA,,
braunca01,All-NBA Second Team,1953,NBA,,
breweji01,All-Defensive Second Team,1975,NBA,,
breweji01,All-Defensive Second Team,1976,NBA,,
brianfr01,All-NBA Second Team,1949,NBA,,
brianfr01,All-NBA Second Team,1950,NBA,,
bridgbi01,All-Defensive Second Team,1968,NBA,,
bridgbi01,All-Defensive Second Team,1969,NBA,,
briskjo01,All-ABA Second Team,1970,ABA,,F
brookaa01,Most Improved Player,2009,NBA,,
brookma01,All-Rookie Second Team,2011,NBA,,F/G
brownla01,All-ABA Second Team,1967,ABA,,G
brownpj01,All-Defensive Second Team,1996,NBA,,
brownpj01,All-Defensive Second Team,1998,NBA,,
brownpj01,All-Defensive Second Team,2000,NBA,,
brownro01,All-ABA Second Team,1967,ABA,,F
brownro01,All-ABA Second Team,1969,ABA,,F
brownro01,Finals MVP,1969,ABA,,
brownro01,All-ABA First Team,1970,ABA,,F
bryanko01,All-NBA Third Team,1998,NBA,,G
bryanko01,All-Defensive First Team,1999,NBA,,
bryanko01,All-NBA Second Team,1999,NBA,,G
bryanko01,All-Defensive Second Team,2000,NBA,,
bryanko01,All-NBA Second Team,2000,NBA,,G
bryanko01,All-Defensive Second Team,2001,NBA,,
bryanko01,All-NBA First Team,2001,NBA,,G
bryanko01,All-Defensive First Team,2002,NBA,,
bryanko01,All-NBA First Team,2002,NBA,,G
bryanko01,All-Defensive First Team,2003,NBA,,
bryanko01,All-NBA First Team,2003,NBA,,G
bryanko01,All-NBA Third Team,2004,NBA,,G
bryanko01,All-Defensive First Team,2005,NBA,tie,
bryanko01,All-NBA First Team,2005,NBA,,G
bryanko01,All-Defensive First Team,2006,NBA,,
bryanko01,All-NBA First Team,2006,NBA,,G
bryanko01,All-Defensive First Team,2007,NBA,,G
bryanko01,All-NBA First Team,2007,NBA,,G
bryanko01,Most Valuable Player,2007,NBA,,
bryanko01,All-Defensive First Team,2008,NBA,,
bryanko01,All-NBA First Team,2008,NBA,,G
bryanko01,Finals MVP ,2008,NBA,,
bryanko01,All-Defensive First Team,2009,NBA,,
bryanko01,All-NBA First Team,2009,NBA,,G
bryanko01,Finals MVP ,2009,NBA,,
bryanko01,All-Defensive First Team,2010,NBA,,G
bryanko01,All-NBA First Team,2010,NBA,,G
bryanko01,All-Defensive Second Team,2011,NBA,,G
bryanko01,All-NBA First Team,2011,NBA,,G
bucknqu01,All-Defensive Second Team,1977,NBA,,
bucknqu01,All-Defensive Second Team,1979,NBA,,
bucknqu01,All-Defensive Second Team,1980,NBA,,
bucknqu01,All-Defensive Second Team,1981,NBA,,
buehlke01,Rookie of the Year,1942,NBL,,
busedo01,All-Defensive Team,1974,ABA,,
busedo01,All-ABA Second Team,1975,ABA,,G
busedo01,All-Defensive Team,1975,ABA,,
busedo01,All-Defensive First Team,1976,NBA,,
busedo01,All-Defensive First Team,1977,NBA,,
busedo01,All-Defensive First Team,1978,NBA,,
busedo01,All-Defensive First Team,1979,NBA,tie,
bynuman01,All-NBA Second Team,2011,NBA,,C
caldwjo01,All-Defensive Second Team,1969,NBA,,
caldwjo01,All-ABA Second Team,1970,ABA,,F
caldwjo01,All-Defensive Team,1972,ABA,,
calveer01,All-NBA Second Team,1946,NBA,,
calvima01,All-ABA First Team,1970,ABA,,G
calvima01,All-ABA Second Team,1972,ABA,,G
calvima01,All-ABA First Team,1973,ABA,,G
calvima01,All-ABA First Team,1974,ABA,,G
cambyma01,All-Defensive Second Team,2004,NBA,,
cambyma01,All-Defensive Second Team,2005,NBA,,
cambyma01,All-Defensive First Team,2006,NBA,,
cambyma01,Defensive Player of the Year,2006,NBA,,
cambyma01,All-Defensive First Team,2007,NBA,,C
cannola01,All-ABA Second Team,1970,ABA,,G
carrml01,All-Defensive Second Team,1978,NBA,,
cartevi01,Rookie of the Year,1998,NBA,,
cartevi01,All-NBA Third Team,1999,NBA,,F
cartevi01,All-NBA Second Team,2000,NBA,,F
cassesa01,All-NBA Second Team,2003,NBA,,G
cervial01,All-NBA Second Team,1949,NBA,,
chalmma01,All-Rookie Second Team,2008,NBA,,
chambto01,All-NBA Second Team,1988,NBA,,F
chambto01,All-NBA Second Team,1989,NBA,,F
chambwi01,All-NBA First Team,1959,NBA,,C
chambwi01,Most Valuable Player,1959,NBA,,
chambwi01,Rookie of the Year,1959,NBA,,
chambwi01,All-NBA First Team,1960,NBA,,C
chambwi01,All-NBA First Team,1961,NBA,,C
chambwi01,All-NBA Second Team,1962,NBA,,C
chambwi01,All-NBA First Team,1963,NBA,,C
chambwi01,All-NBA Second Team,1964,NBA,,C
chambwi01,All-NBA First Team,1965,NBA,,C
chambwi01,Most Valuable Player,1965,NBA,,
chambwi01,All-NBA First Team,1966,NBA,,C
chambwi01,Most Valuable Player,1966,NBA,,
chambwi01,All-NBA First Team,1967,NBA,,C
chambwi01,Most Valuable Player,1967,NBA,,
chambwi01,All-Defensive First Team,1971,NBA,,
chambwi01,All-NBA Second Team,1971,NBA,,C
chambwi01,Finals MVP,1971,NBA,,
chambwi01,All-Defensive First Team,1972,NBA,,
chandty01,All-Defensive Second Team,2010,NBA,,C
chandty01,All-Defensive Second Team,2011,NBA,,C
chandty01,All-NBA Third Team,2011,NBA,,C
chandty01,Defensive Player of the Year,2011,NBA,,
chanedo01,All-Defensive Second Team,1971,NBA,,
chanedo01,All-Defensive Second Team,1972,NBA,,
chanedo01,All-Defensive Second Team,1973,NBA,,
chanedo01,All-Defensive Second Team,1974,NBA,,
chanedo01,All-Defensive Second Team,1976,NBA,,
cheekma01,All-Defensive First Team,1982,NBA,tie,
cheekma01,All-Defensive First Team,1983,NBA,,
cheekma01,All-Defensive First Team,1984,NBA,,
cheekma01,All-Defensive First Team,1985,NBA,,
cheekma01,All-Defensive Second Team,1986,NBA,,
cheniph01,All-NBA Second Team,1974,NBA,,G
chrisdo01,All-Defensive Second Team,2000,NBA,,
chrisdo01,All-Defensive Second Team,2001,NBA,,
chrisdo01,All-Defensive First Team,2002,NBA,,
chrisdo01,All-Defensive Second Team,2003,NBA,,
chuckch01,Most Valuable Player,1941,NBL,,
clarkar01,All-NBA Second Team,1971,NBA,,G
cleamji01,All-Defensive Second Team,1975,NBA,,
colemde01,Rookie of the Year,1990,NBA,,
colemde01,All-NBA Third Team,1992,NBA,,F
colemde01,All-NBA Third Team,1993,NBA,,F
colemec01,All-Defensive First Team,1976,NBA,,
colemec01,All-Defensive Second Team,1977,NBA,,
collida01,All-Rookie First Team,2009,NBA,,
coopemi01,All-Defensive Second Team,1980,NBA,tie,
coopemi01,All-Defensive First Team,1981,NBA,,
coopemi01,All-Defensive Second Team,1982,NBA,,
coopemi01,All-Defensive First Team,1983,NBA,,
coopemi01,All-Defensive First Team,1984,NBA,,
coopemi01,All-Defensive Second Team,1985,NBA,,
coopemi01,All-Defensive First Team,1986,NBA,,
coopemi01,Defensive Player of the Year,1986,NBA,,
coopemi01,All-Defensive First Team,1987,NBA,,
costela01,All-NBA Second Team,1960,NBA,,G
couside01,All-Rookie First Team,2010,NBA,,C
cousybo01,All-NBA First Team,1951,NBA,,
cousybo01,All-NBA First Team,1952,NBA,,
cousybo01,All-NBA First Team,1953,NBA,,
cousybo01,All-NBA First Team,1954,NBA,,
cousybo01,All-NBA First Team,1955,NBA,,G
cousybo01,All-NBA First Team,1956,NBA,,G
cousybo01,Most Valuable Player,1956,NBA,,
cousybo01,All-NBA First Team,1957,NBA,,G
cousybo01,All-NBA First Team,1958,NBA,,G
cousybo01,All-NBA First Team,1959,NBA,,G
cousybo01,All-NBA First Team,1960,NBA,,G
cousybo01,All-NBA Second Team,1961,NBA,,G
cousybo01,All-NBA Second Team,1962,NBA,,G
cowenda01,Rookie of the Year,1970,NBA,tie,
cowenda01,All-NBA Second Team,1972,NBA,,C
cowenda01,Most Valuable Player,1972,NBA,,
cowenda01,All-Defensive Second Team,1974,NBA,,
cowenda01,All-NBA Second Team,1974,NBA,,C
cowenda01,All-Defensive First Team,1975,NBA,,
cowenda01,All-NBA Second Team,1975,NBA,,C
cowenda01,All-Defensive Second Team,1979,NBA,,
crawfja01,Sixth Man of the Year,2009,NBA,,
cummite01,Rookie of the Year,1982,NBA,,
cummite01,All-NBA Second Team,1984,NBA,,F
cummite01,All-NBA Third Team,1988,NBA,,F
cunnibi01,All-NBA First Team,1968,NBA,,F
cunnibi01,All-NBA First Team,1969,NBA,,F
cunnibi01,All-NBA First Team,1970,NBA,,F
cunnibi01,All-NBA Second Team,1971,NBA,,F
cunnibi01,All-ABA First Team,1972,ABA,,F
cunnibi01,Most Valuable Player,1972,ABA,,
curryde01,Sixth Man of the Year,1993,NBA,,
curryst01,All-Rookie First Team,2009,NBA,,
curryst01,Sportsmanship Award,2010,NBA,,
dalemsa01,J. Walter Kennedy Citizenship Award,2009,NBA,,
dallmho01,All-NBA First Team,1947,NBA,,
dampilo01,All-ABA Second Team,1967,ABA,,G
dampilo01,All-ABA Second Team,1968,ABA,,G
dampilo01,All-ABA Second Team,1969,ABA,,G
dampilo01,All-ABA Second Team,1973,ABA,,G
dandrbo01,All-Defensive First Team,1978,NBA,,
dandrbo01,All-NBA Second Team,1978,NBA,,F
danieme01,All-ABA First Team,1967,ABA,,C
danieme01,Rookie of the Year,1967,ABA,,
danieme01,All-ABA First Team,1968,ABA,,C
danieme01,Most Valuable Player,1968,ABA,,
danieme01,All-ABA First Team,1969,ABA,,C
danieme01,All-ABA First Team,1970,ABA,,C
danieme01,Most Valuable Player,1970,ABA,,
danieme01,All-ABA Second Team,1972,ABA,,C
dantlad01,Rookie of the Year,1976,NBA,,
dantlad01,All-NBA Second Team,1980,NBA,,F
dantlad01,All-NBA Second Team,1983,NBA,,F
dantlad01,Comeback,1983,NBA,,
daughbr01,All-NBA Third Team,1991,NBA,,C
daviebo01,Most Valuable Player,1946,NBL,,
daviebo01,All-NBA First Team,1948,NBA,,
daviebo01,All-NBA First Team,1949,NBA,,
daviebo01,All-NBA First Team,1950,NBA,,
daviebo01,All-NBA First Team,1951,NBA,,
daviebo01,All-NBA Second Team,1952,NBA,,
davisba01,All-NBA Third Team,2003,NBA,,G
daviswa03,All-NBA Second Team,1977,NBA,,F
daviswa03,Rookie of the Year,1977,NBA,,
daviswa03,All-NBA Second Team,1978,NBA,,F
debusda01,All-Defensive First Team,1968,NBA,,
debusda01,All-NBA Second Team,1968,NBA,,F
debusda01,All-Defensive First Team,1969,NBA,,
debusda01,All-Defensive First Team,1970,NBA,,
debusda01,All-Defensive First Team,1971,NBA,,
debusda01,All-Defensive First Team,1972,NBA,,
debusda01,All-Defensive First Team,1973,NBA,,
denglu01,All-Defensive Second Team,2011,NBA,,F
diawbo01,Most Improved Player,2005,NBA,,
digreer01,Rookie of the Year,1973,NBA,,
dischte01,Rookie of the Year,1962,NBA,,
drexlcl01,All-NBA Second Team,1987,NBA,,G
drexlcl01,All-NBA Third Team,1989,NBA,,G
drexlcl01,All-NBA Second Team,1990,NBA,,G
drexlcl01,All-NBA First Team,1991,NBA,,G
drexlcl01,All-NBA Third Team,1994,NBA,,G
duckwke01,Most Improved Player,1987,NBA,,
dumarjo01,All-Defensive First Team,1988,NBA,,
dumarjo01,Finals MVP,1988,NBA,,
dumarjo01,All-Defensive First Team,1989,NBA,,
dumarjo01,All-NBA Third Team,1989,NBA,,G
dumarjo01,All-Defensive Second Team,1990,NBA,,
dumarjo01,All-NBA Third Team,1990,NBA,,G
dumarjo01,All-Defensive First Team,1991,NBA,,
dumarjo01,All-Defensive First Team,1992,NBA,,
dumarjo01,All-NBA Second Team,1992,NBA,,G
duncati01,All-Defensive Second Team,1997,NBA,,
duncati01,All-NBA First Team,1997,NBA,,F
duncati01,Rookie of the Year,1997,NBA,,
duncati01,All-Defensive First Team,1998,NBA,,
duncati01,All-NBA First Team,1998,NBA,,F
duncati01,Finals MVP,1998,NBA,,
duncati01,All-Defensive First Team,1999,NBA,,
duncati01,All-NBA First Team,1999,NBA,,F
duncati01,All-Defensive First Team,2000,NBA,,
duncati01,All-NBA First Team,2000,NBA,,F
duncati01,All-Defensive First Team,2001,NBA,,
duncati01,All-NBA First Team,2001,NBA,,F
duncati01,Most Valuable Player,2001,NBA,,
duncati01,All-Defensive First Team,2002,NBA,,
duncati01,All-NBA First Team,2002,NBA,,F
duncati01,Finals MVP,2002,NBA,,
duncati01,Most Valuable Player,2002,NBA,,
duncati01,All-Defensive Second Team,2003,NBA,,
duncati01,All-NBA First Team,2003,NBA,,F
duncati01,All-Defensive First Team,2004,NBA,,
duncati01,All-NBA First Team,2004,NBA,,F
duncati01,Finals MVP,2004,NBA,,
duncati01,All-Defensive Second Team,2005,NBA,,
duncati01,All-NBA Second Team,2005,NBA,,F
duncati01,All-Defensive First Team,2006,NBA,,
duncati01,All-NBA First Team,2006,NBA,,F
duncati01,All-Defensive First Team,2007,NBA,,F
duncati01,All-NBA Second Team,2007,NBA,,F
duncati01,All-Defensive Second Team,2008,NBA,,
duncati01,All-NBA Second Team,2008,NBA,,F
duncati01,All-Defensive Second Team,2009,NBA,,
duncati01,All-NBA Third Team,2009,NBA,,F
dunntr01,All-Defensive Second Team,1982,NBA,,
dunntr01,All-Defensive Second Team,1983,NBA,,
dunntr01,All-Defensive Second Team,1984,NBA,,
duranke01,All-Rookie First Team,2007,NBA,,
duranke01,Rookie of the Year,2007,NBA,,
duranke01,All-NBA First Team,2009,NBA,,F
duranke01,All-NBA First Team,2010,NBA,,F
duranke01,All-NBA First Team,2011,NBA,,F
eatonma01,All-Defensive First Team,1984,NBA,,
eatonma01,Defensive Player of the Year,1984,NBA,,
eatonma01,All-Defensive First Team,1985,NBA,,
eatonma01,All-Defensive Second Team,1986,NBA,,
eatonma01,All-Defensive Second Team,1987,NBA,tie,
eatonma01,All-Defensive First Team,1988,NBA,,
eatonma01,Defensive Player of the Year,1988,NBA,,
edwarco02,Most Valuable Player,1937,NBL,,
edwarco02,Most Valuable Player,1938,NBL,,
edwarco02,Most Valuable Player,1939,NBL,,
ellisda01,Most Improved Player,1986,NBA,,
ellisda01,All-NBA Third Team,1988,NBA,,G
ellismo01,Most Improved Player,2006,NBA,,
ellispe01,Most Improved Player,1991,NBA,,
englial01,All-NBA Second Team,1981,NBA,,F
englial01,All-NBA Second Team,1982,NBA,,F
englial01,All-NBA Second Team,1985,NBA,,F
ervinju01,All-ABA Second Team,1971,ABA,,F
ervinju01,All-ABA First Team,1972,ABA,,F
ervinju01,All-ABA First Team,1973,ABA,,F
ervinju01,Finals MVP,1973,ABA,,
ervinju01,Most Valuable Player,1973,ABA,,
ervinju01,All-ABA First Team,1974,ABA,,F
ervinju01,Most Valuable Player,1974,ABA,tie,
ervinju01,All-ABA First Team,1975,ABA,,F
ervinju01,All-Defensive Team,1975,ABA,,
ervinju01,Finals MVP,1975,ABA,,
ervinju01,Most Valuable Player,1975,ABA,,
ervinju01,All-NBA Second Team,1976,NBA,,F
ervinju01,All-NBA First Team,1977,NBA,,F
ervinju01,All-NBA First Team,1979,NBA,,F
ervinju01,All-NBA First Team,1980,NBA,,F
ervinju01,Most Valuable Player,1980,NBA,,
ervinju01,All-NBA First Team,1981,NBA,,F
ervinju01,All-NBA First Team,1982,NBA,,F
ervinju01,All-NBA Second Team,1983,NBA,,F
evansty01,All-Rookie First Team,2009,NBA,,
evansty01,Rookie of the Year,2009,NBA,,
ewingpa01,Rookie of the Year,1985,NBA,,
ewingpa01,All-Defensive Second Team,1987,NBA,tie,
ewingpa01,All-NBA Second Team,1987,NBA,,C
ewingpa01,All-Defensive Second Team,1988,NBA,,
ewingpa01,All-NBA Second Team,1988,NBA,,C
ewingpa01,All-NBA First Team,1989,NBA,,C
ewingpa01,All-NBA Second Team,1990,NBA,,C
ewingpa01,All-Defensive Second Team,1991,NBA,,
ewingpa01,All-NBA Second Team,1991,NBA,,C
ewingpa01,All-NBA Second Team,1992,NBA,,C
ewingpa01,All-NBA Second Team,1996,NBA,,C
farieke01,All-Rookie First Team,2011,NBA,,F
favorde01,All-Rookie Second Team,2010,NBA,,F
feeribo01,All-NBA First Team,1946,NBA,,
feeribo01,All-NBA First Team,1947,NBA,,
feeribo01,All-NBA Second Team,1948,NBA,,
felixra01,Rookie of the Year,1953,NBA,,
fernaru01,All-Rookie Second Team,2008,NBA,tie,
fieldla01,All-Rookie First Team,2010,NBA,,F/G
flynnjo01,All-Rookie Second Team,2009,NBA,,
fordph01,All-NBA Second Team,1978,NBA,,G
fordph01,Rookie of the Year,1978,NBA,,
foustla01,All-NBA Second Team,1951,NBA,,
foustla01,All-NBA First Team,1954,NBA,,
francst01,Rookie of the Year,1999,NBA,tie,
fraziwa01,All-Defensive First Team,1968,NBA,,
fraziwa01,All-Defensive First Team,1969,NBA,,
fraziwa01,All-NBA First Team,1969,NBA,,G
fraziwa01,All-Defensive First Team,1970,NBA,,
fraziwa01,All-NBA Second Team,1970,NBA,,G
fraziwa01,All-Defensive First Team,1971,NBA,tie,
fraziwa01,All-NBA First Team,1971,NBA,,G
fraziwa01,All-Defensive First Team,1972,NBA,,
fraziwa01,All-NBA Second Team,1972,NBA,,G
fraziwa01,All-Defensive First Team,1973,NBA,tie,
fraziwa01,All-NBA First Team,1973,NBA,,G
fraziwa01,All-Defensive First Team,1974,NBA,,
fraziwa01,All-NBA First Team,1974,NBA,,G
freemdo01,All-ABA Second Team,1968,ABA,,G
freemdo01,All-ABA Second Team,1969,ABA,,G
freemdo01,All-ABA Second Team,1970,ABA,,G
freemdo01,All-ABA First Team,1971,ABA,,G
freewo01,All-NBA Second Team,1978,NBA,,G
fulksjo01,All-NBA First Team,1946,NBA,,
fulksjo01,All-NBA First Team,1947,NBA,,
fulksjo01,All-NBA First Team,1948,NBA,,
fulksjo01,All-NBA Second Team,1950,NBA,,
galemi01,All-Defensive Team,1972,ABA,,
galemi01,All-Defensive Team,1973,ABA,,
gallaha01,All-NBA First Team,1953,NBA,,
gallaha01,All-NBA Second Team,1954,NBA,,
garmadi01,All-NBA Second Team,1956,NBA,,G
garneke01,All-NBA Third Team,1998,NBA,,F
garneke01,All-Defensive First Team,1999,NBA,,
garneke01,All-NBA First Team,1999,NBA,,F
garneke01,All-Defensive First Team,2000,NBA,,
garneke01,All-NBA Second Team,2000,NBA,,F
garneke01,All-Defensive First Team,2001,NBA,,
garneke01,All-NBA Second Team,2001,NBA,,F
garneke01,All-Defensive First Team,2002,NBA,,
garneke01,All-NBA First Team,2002,NBA,,F
garneke01,All-Defensive First Team,2003,NBA,,
garneke01,All-NBA First Team,2003,NBA,,F
garneke01,Most Valuable Player,2003,NBA,,
garneke01,All-Defensive First Team,2004,NBA,,
garneke01,All-NBA Second Team,2004,NBA,,F
garneke01,All-Defensive Second Team,2005,NBA,,
garneke01,All-Defensive Second Team,2006,NBA,,
garneke01,All-NBA Third Team,2006,NBA,,F
garneke01,All-Defensive First Team,2007,NBA,,F
garneke01,All-NBA First Team,2007,NBA,,F
garneke01,Defensive Player of the Year,2007,NBA,,
garneke01,All-Defensive First Team,2008,NBA,,
garneke01,All-Defensive First Team,2010,NBA,,F
garneke01,All-Defensive Second Team,2011,NBA,,F
gasolma01,All-Rookie Second Team,2008,NBA,,
gasolpa01,Rookie of the Year,2001,NBA,,
gasolpa01,All-NBA Third Team,2008,NBA,,F
gasolpa01,All-NBA Third Team,2009,NBA,,F
gasolpa01,All-NBA Second Team,2010,NBA,,F
gasolpa01,J. Walter Kennedy Citizenship Award,2011,NBA,,
georgja01,All-NBA Second Team,1955,NBA,,G
georgpa01,All-Rookie Second Team,2010,NBA,,F
gervige01,All-ABA Second Team,1974,ABA,,F
gervige01,All-ABA Second Team,1975,ABA,,G
gervige01,All-NBA Second Team,1976,NBA,,G
gervige01,All-NBA First Team,1977,NBA,,G
gervige01,All-NBA First Team,1978,NBA,,G
gervige01,All-NBA First Team,1979,NBA,,G
gervige01,All-NBA First Team,1980,NBA,,G
gervige01,All-NBA First Team,1981,NBA,,G
gervige01,All-NBA Second Team,1982,NBA,,G
gibsota01,All-Rookie First Team,2009,NBA,,
gilmoar01,All-ABA First Team,1971,ABA,,C
gilmoar01,Most Valuable Player,1971,ABA,,
gilmoar01,Rookie of the Year,1971,ABA,,
gilmoar01,All-ABA First Team,1972,ABA,,C
gilmoar01,All-Defensive Team,1972,ABA,,
gilmoar01,All-ABA First Team,1973,ABA,,C
gilmoar01,All-Defensive Team,1973,ABA,,
gilmoar01,All-ABA First Team,1974,ABA,,C
gilmoar01,All-Defensive Team,1974,ABA,,
gilmoar01,Finals MVP,1974,ABA,,
gilmoar01,All-ABA First Team,1975,ABA,,C
gilmoar01,All-Defensive Team,1975,ABA,,
gilmoar01,All-Defensive Second Team,1977,NBA,tie,
ginobem01,All-NBA Third Team,2007,NBA,,G
ginobem01,Sixth Man of the Year,2007,NBA,,
ginobem01,All-NBA Third Team,2010,NBA,,G
glamage01,Rookie of the Year,1941,NBL,,
golato01,All-NBA Second Team,1957,NBA,,G
goodrga01,All-NBA First Team,1973,NBA,,G
gordobe01,Sixth Man of the Year,2004,NBA,,
gordoer01,All-Rookie Second Team,2008,NBA,,
grangda01,Most Improved Player,2008,NBA,,
grantho01,All-Defensive Second Team,1992,NBA,,
grantho01,All-Defensive Second Team,1993,NBA,,
grantho01,All-Defensive Second Team,1994,NBA,,
grantho01,All-Defensive Second Team,1995,NBA,,
greenac01,All-Defensive Second Team,1988,NBA,,
greenje02,All-Rookie First Team,2007,NBA,,
greerha01,All-NBA Second Team,1962,NBA,,G
greerha01,All-NBA Second Team,1963,NBA,,G
greerha01,All-NBA Second Team,1964,NBA,,G
greerha01,All-NBA Second Team,1965,NBA,,G
greerha01,All-NBA Second Team,1966,NBA,,G
greerha01,All-NBA Second Team,1967,NBA,,G
greerha01,All-NBA Second Team,1968,NBA,,G
griffbl01,All-Rookie First Team,2010,NBA,,F
griffbl01,Rookie of the Year,2010,NBA,,
griffbl01,All-NBA Second Team,2011,NBA,,F
griffda01,Rookie of the Year,1980,NBA,,
grossbo01,All-Defensive Second Team,1977,NBA,,
grozaal01,All-NBA First Team,1949,NBA,,
grozaal01,All-NBA First Team,1950,NBA,,
gueriri01,All-NBA Second Team,1958,NBA,,G
gueriri01,All-NBA Second Team,1959,NBA,,G
gueriri01,All-NBA Second Team,1961,NBA,,G
hagancl01,All-NBA Second Team,1957,NBA,,F
hagancl01,All-NBA Second Team,1958,NBA,,F
halbech01,All-NBA Second Team,1946,NBA,,
hanzlbi01,All-Defensive Second Team,1985,NBA,,
hardaan01,All-NBA First Team,1994,NBA,,G
hardaan01,All-NBA First Team,1995,NBA,,G
hardaan01,All-NBA Third Team,1996,NBA,,G
hardati01,All-NBA Second Team,1991,NBA,,G
hardati01,All-NBA Third Team,1992,NBA,,G
hardati01,All-NBA First Team,1996,NBA,,G
hardati01,All-NBA Second Team,1997,NBA,,G
hardati01,All-NBA Second Team,1998,NBA,,G
hardeja01,All-Rookie Second Team,2009,NBA,,
hardeja01,Sixth Man of the Year,2011,NBA,,
harpede01,All-Defensive Second Team,1986,NBA,,
harpede01,All-Defensive Second Team,1989,NBA,,
havlijo01,All-NBA Second Team,1963,NBA,,G
havlijo01,All-NBA Second Team,1965,NBA,,F
havlijo01,All-NBA Second Team,1967,NBA,,F
havlijo01,All-Defensive Second Team,1968,NBA,,
havlijo01,All-NBA Second Team,1968,NBA,,F
havlijo01,All-Defensive Second Team,1969,NBA,,
havlijo01,All-NBA Second Team,1969,NBA,,F
havlijo01,All-Defensive Second Team,1970,NBA,,
havlijo01,All-NBA First Team,1970,NBA,,F
havlijo01,All-Defensive First Team,1971,NBA,,
havlijo01,All-NBA First Team,1971,NBA,,F
havlijo01,All-Defensive First Team,1972,NBA,,
havlijo01,All-NBA First Team,1972,NBA,,F
havlijo01,All-Defensive First Team,1973,NBA,,
havlijo01,All-NBA First Team,1973,NBA,,F
havlijo01,Finals MVP,1973,NBA,,
havlijo01,All-Defensive First Team,1974,NBA,,
havlijo01,All-NBA Second Team,1974,NBA,,F
havlijo01,All-Defensive First Team,1975,NBA,,
havlijo01,All-NBA Second Team,1975,NBA,,F
hawkico01,Most Valuable Player,1961,ABL1,,
hawkico01,All-ABA First Team,1967,ABA,,F
hawkico01,Finals MVP,1967,ABA,,
hawkico01,Most Valuable Player,1967,ABA,,
hawkico01,All-ABA First Team,1968,ABA,,F
hawkico01,All-NBA First Team,1969,NBA,,F
hayesel01,All-NBA Second Team,1972,NBA,,F
hayesel01,All-Defensive Second Team,1973,NBA,,
hayesel01,All-NBA Second Team,1973,NBA,,F
hayesel01,All-Defensive Second Team,1974,NBA,,
hayesel01,All-NBA First Team,1974,NBA,,F
hayesel01,All-NBA Second Team,1975,NBA,,F
hayesel01,All-NBA First Team,1976,NBA,,F
hayesel01,All-NBA First Team,1978,NBA,,F
haywosp01,All-ABA First Team,1969,ABA,,F
haywosp01,Most Valuable Player,1969,ABA,,
haywosp01,Rookie of the Year,1969,ABA,,
haywosp01,All-NBA First Team,1971,NBA,,F
haywosp01,All-NBA First Team,1972,NBA,,F
haywosp01,All-NBA Second Team,1973,NBA,,F
haywosp01,All-NBA Second Team,1974,NBA,,F
heinsto01,Rookie of the Year,1956,NBA,,
heinsto01,All-NBA Second Team,1960,NBA,,F
heinsto01,All-NBA Second Team,1961,NBA,,F
heinsto01,All-NBA Second Team,1962,NBA,,F
heinsto01,All-NBA Second Team,1963,NBA,,F
hendeal01,Most Improved Player,1997,NBA,,
hillgr01,Rookie of the Year,1994,NBA,tie,
hillgr01,All-NBA Second Team,1995,NBA,,F
hillgr01,All-NBA First Team,1996,NBA,,F
hillgr01,All-NBA Second Team,1997,NBA,,F
hillgr01,All-NBA Second Team,1998,NBA,,F
hillgr01,All-NBA Second Team,1999,NBA,,F
hillgr01,Sportsmanship Award,2007,NBA,,
hillgr01,Sportsmanship Award,2009,NBA,,
hinriki01,All-Defensive Second Team,2006,NBA,,
hollili01,All-Defensive First Team,1977,NBA,,
hollili01,All-Defensive Second Team,1978,NBA,,
holzmre01,Rookie of the Year,1944,NBL,,
horfoal01,All-Rookie First Team,2007,NBA,,
horfoal01,All-NBA Third Team,2010,NBA,,C
howardw01,All-NBA Third Team,2006,NBA,,C
howardw01,All-Defensive Second Team,2007,NBA,,C
howardw01,All-NBA First Team,2007,NBA,,C
howardw01,All-Defensive First Team,2008,NBA,,
howardw01,All-NBA First Team,2008,NBA,,C
howardw01,Defensive Player of the Year,2008,NBA,,
howardw01,All-Defensive First Team,2009,NBA,,
howardw01,All-NBA First Team,2009,NBA,,C
howardw01,Defensive Player of the Year,2009,NBA,,
howardw01,All-Defensive First Team,2010,NBA,,C
howardw01,All-NBA First Team,2010,NBA,,C
howardw01,Defensive Player of the Year,2010,NBA,,
howardw01,All-Defensive First Team,2011,NBA,,C
howardw01,All-NBA First Team,2011,NBA,,C
howarju01,All-NBA Third Team,1995,NBA,,F
howelba01,All-NBA Second Team,1962,NBA,,F
hudsolo01,All-NBA Second Team,1969,NBA,,G
hughela01,All-Defensive First Team,2004,NBA,,
ibakase01,All-Defensive First Team,2011,NBA,,F
iguodan01,All-Defensive Second Team,2010,NBA,,F
irvinky01,All-Rookie First Team,2011,NBA,,G
irvinky01,Rookie of the Year,2011,NBA,,
isselda01,All-ABA Second Team,1970,ABA,tie,C
isselda01,Rookie of the Year,1970,ABA,tie,
isselda01,All-ABA First Team,1971,ABA,,F
isselda01,All-ABA Second Team,1972,ABA,,F
isselda01,All-ABA Second Team,1973,ABA,,F
isselda01,All-ABA Second Team,1975,ABA,,C
iversal01,Rookie of the Year,1996,NBA,,
iversal01,All-NBA First Team,1998,NBA,,G
iversal01,All-NBA Second Team,1999,NBA,,G
iversal01,All-NBA First Team,2000,NBA,,G
iversal01,Most Valuable Player,2000,NBA,,
iversal01,All-NBA Second Team,2001,NBA,,G
iversal01,All-NBA Second Team,2002,NBA,,G
iversal01,All-NBA First Team,2004,NBA,,G
iversal01,All-NBA Third Team,2005,NBA,,G
jabalwa01,Finals MVP,1968,ABA,,
jabalwa01,Rookie of the Year,1968,ABA,,
jabalwa01,All-ABA First Team,1972,ABA,,G
jacksbo01,Sixth Man of the Year,2002,NBA,,
jacksma01,Rookie of the Year,1987,NBA,,
jamesle01,Rookie of the Year,2003,NBA,,
jamesle01,All-NBA Second Team,2004,NBA,,F
jamesle01,All-NBA First Team,2005,NBA,,F
jamesle01,All-NBA Second Team,2006,NBA,,F
jamesle01,All-NBA First Team,2007,NBA,,F
jamesle01,All-Defensive First Team,2008,NBA,,
jamesle01,All-NBA First Team,2008,NBA,,F
jamesle01,Most Valuable Player,2008,NBA,,
jamesle01,All-Defensive First Team,2009,NBA,,
jamesle01,All-NBA First Team,2009,NBA,,F
jamesle01,Most Valuable Player,2009,NBA,,
jamesle01,All-Defensive First Team,2010,NBA,,F
jamesle01,All-NBA First Team,2010,NBA,,F
jamesle01,All-Defensive First Team,2011,NBA,,F
jamesle01,All-NBA First Team,2011,NBA,,F
jamesle01,Finals MVP ,2011,NBA,,
jamesle01,Most Valuable Player,2011,NBA,,
jamisan01,Sixth Man of the Year,2003,NBA,,
jeannbu01,All-NBA Second Team,1947,NBA,,
jennibr01,All-Rookie First Team,2009,NBA,,
jerebjo01,All-Rookie Second Team,2009,NBA,,
johnsde01,All-Defensive First Team,1978,NBA,,
johnsde01,Finals MVP,1978,NBA,,
johnsde01,All-Defensive First Team,1979,NBA,,
johnsde01,All-NBA Second Team,1979,NBA,,G
johnsde01,All-Defensive First Team,1980,NBA,,
johnsde01,All-NBA First Team,1980,NBA,,G
johnsde01,All-Defensive First Team,1981,NBA,,
johnsde01,All-Defensive First Team,1982,NBA,tie,
johnsde01,All-Defensive Second Team,1983,NBA,,
johnsde01,All-Defensive Second Team,1984,NBA,,
johnsde01,All-Defensive Second Team,1985,NBA,,
johnsde01,All-Defensive First Team,1986,NBA,,
johnsed02,All-Defensive Second Team,1978,NBA,,
johnsed02,All-Defensive Second Team,1979,NBA,,
johnsed03,Sixth Man of the Year,1988,NBA,,
johnsge02,All-Defensive Second Team,1980,NBA,,
johnsgu01,All-NBA Second Team,1964,NBA,,F
johnsgu01,All-NBA Second Team,1965,NBA,,F
johnsgu01,All-Defensive First Team,1969,NBA,,
johnsgu01,All-NBA Second Team,1969,NBA,,F
johnsgu01,All-Defensive First Team,1970,NBA,,
johnsgu01,All-NBA Second Team,1970,NBA,,F
johnsjo02,All-NBA Third Team,2009,NBA,,G
johnske02,All-NBA Second Team,1988,NBA,,G
johnske02,Most Improved Player,1988,NBA,,
johnske02,All-NBA Second Team,1989,NBA,,G
johnske02,All-NBA Second Team,1990,NBA,,G
johnske02,All-NBA Third Team,1991,NBA,,G
johnske02,All-NBA Second Team,1993,NBA,,G
johnsla02,Rookie of the Year,1991,NBA,,
johnsla02,All-NBA Second Team,1992,NBA,,F
johnsma01,All-NBA First Team,1978,NBA,,F
johnsma01,All-NBA Second Team,1979,NBA,,F
johnsma01,All-NBA Second Team,1980,NBA,,F
johnsma01,Comeback,1985,NBA,,
johnsma02,Finals MVP,1979,NBA,,
johnsma02,All-NBA Second Team,1981,NBA,,G
johnsma02,Finals MVP,1981,NBA,,
johnsma02,All-NBA First Team,1982,NBA,,G
johnsma02,All-NBA First Team,1983,NBA,,G
johnsma02,All-NBA First Team,1984,NBA,,G
johnsma02,All-NBA First Team,1985,NBA,,G
johnsma02,All-NBA First Team,1986,NBA,,G
johnsma02,Finals MVP,1986,NBA,,
johnsma02,Most Valuable Player,1986,NBA,,
johnsma02,All-NBA First Team,1987,NBA,,G
johnsma02,All-NBA First Team,1988,NBA,,G
johnsma02,Most Valuable Player,1988,NBA,,
johnsma02,All-NBA First Team,1989,NBA,,G
johnsma02,Most Valuable Player,1989,NBA,,
johnsma02,All-NBA First Team,1990,NBA,,G
johnsne01,All-NBA First Team,1952,NBA,,
johnsne01,All-NBA First Team,1953,NBA,,
johnsne01,All-NBA First Team,1954,NBA,,
johnsne01,All-NBA First Team,1955,NBA,,C
johnsne01,All-NBA Second Team,1956,NBA,,C
johnswe01,All-Rookie Second Team,2010,NBA,,G
jonesbo01,All-Defensive Team,1974,ABA,,
jonesbo01,All-ABA Second Team,1975,ABA,,F
jonesbo01,All-Defensive Team,1975,ABA,,
jonesbo01,All-Defensive First Team,1976,NBA,,
jonesbo01,All-Defensive First Team,1977,NBA,,
jonesbo01,All-Defensive First Team,1978,NBA,,
jonesbo01,All-Defensive First Team,1979,NBA,,
jonesbo01,All-Defensive First Team,1980,NBA,,
jonesbo01,All-Defensive First Team,1981,NBA,,
jonesbo01,All-Defensive First Team,1982,NBA,,
jonesbo01,Sixth Man of the Year,1982,NBA,,
jonesbo01,All-Defensive First Team,1983,NBA,,
jonesbo01,All-Defensive Second Team,1984,NBA,,
jonesca01,All-Defensive First Team,1980,NBA,,
jonesca01,All-Defensive First Team,1981,NBA,,
jonesed02,All-Defensive Second Team,1997,NBA,,
jonesed02,All-Defensive Second Team,1998,NBA,,
jonesed02,All-Defensive Second Team,1999,NBA,,
jonesed02,All-NBA Third Team,1999,NBA,,G
jonesji01,All-ABA First Team,1968,ABA,,G
jonesji01,All-ABA First Team,1972,ABA,,G
jonesji01,All-ABA First Team,1973,ABA,,G
jonesla01,All-ABA First Team,1967,ABA,,G
jonesla01,All-ABA First Team,1968,ABA,,G
jonesla01,All-ABA First Team,1969,ABA,,G
jonessa01,All-NBA Second Team,1964,NBA,,G
jonessa01,All-NBA Second Team,1965,NBA,,G
jonessa01,All-NBA Second Team,1966,NBA,,G
joneswi02,All-Defensive Team,1974,ABA,,
jordami01,All-NBA Second Team,1984,NBA,,G
jordami01,Rookie of the Year,1984,NBA,,
jordami01,All-NBA First Team,1986,NBA,,G
jordami01,All-Defensive First Team,1987,NBA,,
jordami01,All-NBA First Team,1987,NBA,,G
jordami01,Defensive Player of the Year,1987,NBA,,
jordami01,Most Valuable Player,1987,NBA,,
jordami01,All-Defensive First Team,1988,NBA,,
jordami01,All-NBA First Team,1988,NBA,,G
jordami01,All-Defensive First Team,1989,NBA,,
jordami01,All-NBA First Team,1989,NBA,,G
jordami01,All-Defensive First Team,1990,NBA,,
jordami01,All-NBA First Team,1990,NBA,,G
jordami01,Finals MVP,1990,NBA,,
jordami01,Most Valuable Player,1990,NBA,,
jordami01,All-Defensive First Team,1991,NBA,,
jordami01,All-NBA First Team,1991,NBA,,G
jordami01,Finals MVP,1991,NBA,,
jordami01,Most Valuable Player,1991,NBA,,
jordami01,All-Defensive First Team,1992,NBA,,
jordami01,All-NBA First Team,1992,NBA,,G
jordami01,Finals MVP,1992,NBA,,
jordami01,All-Defensive First Team,1995,NBA,,
jordami01,All-NBA First Team,1995,NBA,,G
jordami01,Finals MVP,1995,NBA,,
jordami01,Most Valuable Player,1995,NBA,,
jordami01,All-Defensive First Team,1996,NBA,,
jordami01,All-NBA First Team,1996,NBA,,G
jordami01,Finals MVP,1996,NBA,,
jordami01,All-Defensive First Team,1997,NBA,,
jordami01,All-NBA First Team,1997,NBA,,G
jordami01,Finals MVP,1997,NBA,,
jordami01,Most Valuable Player,1997,NBA,,
kempsh01,All-NBA Second Team,1993,NBA,,F
kempsh01,All-NBA Second Team,1994,NBA,,F
kempsh01,All-NBA Second Team,1995,NBA,,F
kesslbo01,Rookie of the Year,1937,NBL,,
keyeju01,All-Defensive Team,1972,ABA,,
keyeju01,All-Defensive Team,1973,ABA,,
kiddja01,Rookie of the Year,1994,NBA,tie,
kiddja01,All-Defensive First Team,1998,NBA,,
kiddja01,All-NBA First Team,1998,NBA,,G
kiddja01,All-Defensive Second Team,1999,NBA,,
kiddja01,All-NBA First Team,1999,NBA,,G
kiddja01,All-Defensive First Team,2000,NBA,,
kiddja01,All-NBA First Team,2000,NBA,,G
kiddja01,All-Defensive First Team,2001,NBA,,
kiddja01,All-NBA First Team,2001,NBA,,G
kiddja01,All-Defensive Second Team,2002,NBA,,
kiddja01,All-NBA Second Team,2002,NBA,,G
kiddja01,All-Defensive Second Team,2003,NBA,,
kiddja01,All-NBA First Team,2003,NBA,,G
kiddja01,All-Defensive Second Team,2004,NBA,tie,
kiddja01,All-Defensive First Team,2005,NBA,tie,
kiddja01,All-Defensive Second Team,2006,NBA,,
kiddja01,Sportsmanship Award,2011,NBA,,
kingbe01,Comeback,1980,NBA,,
kingbe01,All-NBA Second Team,1981,NBA,,F
kingbe01,All-NBA First Team,1983,NBA,,F
kingbe01,All-NBA First Team,1984,NBA,,F
kingbe01,All-NBA Third Team,1990,NBA,,F
kirilan01,All-Defensive Second Team,2003,NBA,,
kirilan01,All-Defensive Second Team,2004,NBA,,
kirilan01,All-Defensive First Team,2005,NBA,,
knighbi01,All-ABA First Team,1975,ABA,,F
knighbr03,All-Rookie First Team,2011,NBA,tie,G
kukocto01,Sixth Man of the Year,1995,NBA,,
landrca01,All-Rookie Second Team,2007,NBA,,
larusru01,All-Defensive Second Team,1968,NBA,,
leonaka01,All-Rookie First Team,2011,NBA,tie,F
leverfa01,All-NBA Second Team,1986,NBA,,G
leverfa01,All-Defensive Second Team,1987,NBA,,
lewisfr01,Rookie of the Year,1946,NBL,,
lewisfr02,Finals MVP,1971,ABA,,
loganjo01,All-NBA Second Team,1946,NBA,,
loganjo01,All-NBA Second Team,1947,NBA,,
loganjo01,All-NBA Second Team,1948,NBA,,
lopezbr01,All-Rookie First Team,2008,NBA,,
lovebo01,All-NBA Second Team,1970,NBA,,F
lovebo01,All-Defensive Second Team,1971,NBA,,
lovebo01,All-NBA Second Team,1971,NBA,,F
lovebo01,All-Defensive Second Team,1973,NBA,,
lovebo01,All-Defensive Second Team,1974,NBA,,
loveke01,All-Rookie Second Team,2008,NBA,,
loveke01,Most Improved Player,2010,NBA,,
loveke01,All-NBA Second Team,2011,NBA,,F
lovelcl01,All-NBA Second Team,1955,NBA,,C
lucasje01,All-NBA Second Team,1963,NBA,,F
lucasje01,Rookie of the Year,1963,NBA,,
lucasje01,All-NBA First Team,1964,NBA,,F
lucasje01,All-NBA First Team,1965,NBA,,F
lucasje01,All-NBA Second Team,1966,NBA,,F
lucasje01,All-NBA First Team,1967,NBA,,F
lucasma01,All-Defensive First Team,1977,NBA,,
lucasma01,All-NBA Second Team,1977,NBA,,F
lucasma01,All-Defensive Second Team,1978,NBA,,
macaued01,All-NBA First Team,1950,NBA,,
macaued01,All-NBA First Team,1951,NBA,,
macaued01,All-NBA First Team,1952,NBA,,
macaued01,All-NBA Second Team,1953,NBA,,
macledo01,Most Improved Player,1993,NBA,,
mahorri01,All-Defensive Second Team,1989,NBA,,
majerda01,All-Defensive Second Team,1990,NBA,,
majerda01,All-Defensive Second Team,1992,NBA,,
malonka01,All-Defensive Second Team,1987,NBA,,
malonka01,All-NBA Second Team,1987,NBA,,F
malonka01,All-NBA First Team,1988,NBA,,F
malonka01,All-NBA First Team,1989,NBA,,F
malonka01,All-NBA First Team,1990,NBA,,F
malonka01,All-NBA First Team,1991,NBA,,F
malonka01,All-NBA First Team,1992,NBA,,F
malonka01,All-NBA First Team,1993,NBA,,F
malonka01,All-NBA First Team,1994,NBA,,F
malonka01,All-NBA First Team,1995,NBA,,F
malonka01,All-Defensive First Team,1996,NBA,,
malonka01,All-NBA First Team,1996,NBA,,F
malonka01,Most Valuable Player,1996,NBA,,
malonka01,All-Defensive First Team,1997,NBA,,
malonka01,All-NBA First Team,1997,NBA,,F
malonka01,All-Defensive First Team,1998,NBA,,
malonka01,All-NBA First Team,1998,NBA,,F
malonka01,Most Valuable Player,1998,NBA,,
malonka01,All-NBA Second Team,1999,NBA,,F
malonka01,All-NBA Third Team,2000,NBA,,F
malonmo01,All-Defensive Second Team,1978,NBA,,
malonmo01,All-NBA First Team,1978,NBA,,C
malonmo01,Most Valuable Player,1978,NBA,,
malonmo01,All-NBA Second Team,1979,NBA,,C
malonmo01,All-NBA Second Team,1980,NBA,,C
malonmo01,All-NBA First Team,1981,NBA,,C
malonmo01,Most Valuable Player,1981,NBA,,
malonmo01,All-Defensive First Team,1982,NBA,,
malonmo01,All-NBA First Team,1982,NBA,,C
malonmo01,Finals MVP,1982,NBA,,
malonmo01,Most Valuable Player,1982,NBA,,
malonmo01,All-NBA Second Team,1983,NBA,,C
malonmo01,All-NBA First Team,1984,NBA,,C
malonmo01,All-NBA Second Team,1986,NBA,,C
mannida01,Sixth Man of the Year,1997,NBA,,
maravpe01,All-NBA Second Team,1972,NBA,,G
maravpe01,All-NBA First Team,1975,NBA,,G
maravpe01,All-NBA First Team,1976,NBA,,G
maravpe01,All-NBA Second Team,1977,NBA,,G
marbust01,All-NBA Third Team,1999,NBA,,G
marbust01,All-NBA Third Team,2002,NBA,,G
mariosh01,All-NBA Third Team,2004,NBA,,F
mariosh01,All-NBA Third Team,2005,NBA,,F
martisl01,All-NBA Second Team,1954,NBA,,
martisl01,All-NBA Second Team,1955,NBA,,G
martisl01,All-NBA Second Team,1956,NBA,,G
martisl01,All-NBA Second Team,1957,NBA,,G
martisl01,All-NBA Second Team,1958,NBA,,G
mashbja01,All-NBA Third Team,2002,NBA,,F
masonan01,Sixth Man of the Year,1994,NBA,,
masonan01,All-Defensive Second Team,1996,NBA,,
masonan01,All-NBA Third Team,1996,NBA,,F
maxwece01,Finals MVP,1980,NBA,,
mayooj01,All-Rookie First Team,2008,NBA,,
mcadobo01,Rookie of the Year,1972,NBA,,
mcadobo01,All-NBA Second Team,1973,NBA,,C
mcadobo01,All-NBA First Team,1974,NBA,,C
mcadobo01,Most Valuable Player,1974,NBA,,
mcclate01,All-Defensive Team,1973,ABA,,
mccraro01,All-Defensive Second Team,1986,NBA,,
mccraro01,All-Defensive First Team,1987,NBA,,
mcderbo01,Most Valuable Player,1942,NBL,,
mcderbo01,Most Valuable Player,1943,NBL,,
mcderbo01,Most Valuable Player,1944,NBL,,
mcderbo01,Most Valuable Player,1945,NBL,,
mcdyean01,All-NBA Third Team,1998,NBA,,F
mcginge01,All-ABA Second Team,1972,ABA,,F
mcginge01,Finals MVP,1972,ABA,,
mcginge01,All-ABA First Team,1973,ABA,,F
mcginge01,All-ABA First Team,1974,ABA,,F
mcginge01,Most Valuable Player,1974,ABA,tie,
mcginge01,All-NBA First Team,1975,NBA,,F
mcginge01,All-NBA Second Team,1976,NBA,,F
mcgratr01,All-NBA Second Team,2000,NBA,,G
mcgratr01,Most Improved Player,2000,NBA,,
mcgratr01,All-NBA First Team,2001,NBA,,F
mcgratr01,All-NBA First Team,2002,NBA,,G
mcgratr01,All-NBA Second Team,2003,NBA,,G
mcgratr01,All-NBA Third Team,2004,NBA,,F
mcgratr01,All-NBA Second Team,2006,NBA,,G
mcgratr01,All-NBA Third Team,2007,NBA,,G
mcguidi01,All-NBA Second Team,1950,NBA,,
mchalke01,All-Defensive Second Team,1982,NBA,,
mchalke01,Sixth Man of the Year,1983,NBA,,
mchalke01,Sixth Man of the Year,1984,NBA,,
mchalke01,All-Defensive First Team,1985,NBA,,
mchalke01,All-Defensive First Team,1986,NBA,,
mchalke01,All-NBA First Team,1986,NBA,,F
mchalke01,All-Defensive First Team,1987,NBA,,
mchalke01,All-Defensive Second Team,1988,NBA,,
mchalke01,All-Defensive Second Team,1989,NBA,,
mckeyde01,All-Defensive Second Team,1994,NBA,,
mckeyde01,All-Defensive Second Team,1995,NBA,,
mckieaa01,Sixth Man of the Year,2000,NBA,,
mckinho01,All-NBA First Team,1946,NBA,,
mckinho01,All-NBA Second Team,1948,NBA,,
mcmilna01,All-Defensive Second Team,1993,NBA,,
mcmilna01,All-Defensive Second Team,1994,NBA,,
meinedo01,Rookie of the Year,1952,NBA,,
melchbi01,All-ABA First Team,1971,ABA,,G
miasest01,All-NBA First Team,1946,NBA,,
miasest01,All-NBA Second Team,1947,NBA,,
mikange01,Rookie of the Year,1945,NBL,,
mikange01,Most Valuable Player,1947,NBL,,
mikange01,All-NBA First Team,1948,NBA,,
mikange01,All-NBA First Team,1949,NBA,,
mikange01,All-NBA First Team,1950,NBA,,
mikange01,All-NBA First Team,1951,NBA,,
mikange01,All-NBA First Team,1952,NBA,,
mikange01,All-NBA First Team,1953,NBA,,
mikkeve01,All-NBA Second Team,1950,NBA,,
mikkeve01,All-NBA Second Team,1951,NBA,,
mikkeve01,All-NBA Second Team,1952,NBA,,
mikkeve01,All-NBA Second Team,1954,NBA,,
millemi01,Rookie of the Year,2000,NBA,,
millemi01,Sixth Man of the Year,2005,NBA,,
millere01,All-NBA Third Team,1994,NBA,,G
millere01,All-NBA Third Team,1995,NBA,,G
millere01,All-NBA Third Team,1997,NBA,,G
mingya01,All-NBA Third Team,2003,NBA,,C
mingya01,All-NBA Third Team,2005,NBA,,C
mingya01,All-NBA Second Team,2006,NBA,,C
mingya01,All-NBA Third Team,2007,NBA,,C
mingya01,All-NBA Second Team,2008,NBA,,C
moedo01,All-ABA First Team,1967,ABA,,F
moedo01,All-ABA Second Team,1968,ABA,,F
moncrsi01,All-Defensive Second Team,1981,NBA,,
moncrsi01,All-NBA Second Team,1981,NBA,,G
moncrsi01,All-Defensive First Team,1982,NBA,,
moncrsi01,All-NBA First Team,1982,NBA,,G
moncrsi01,Defensive Player of the Year,1982,NBA,,
moncrsi01,All-Defensive First Team,1983,NBA,,
moncrsi01,All-NBA Second Team,1983,NBA,,G
moncrsi01,Defensive Player of the Year,1983,NBA,,
moncrsi01,All-Defensive First Team,1984,NBA,,
moncrsi01,All-NBA Second Team,1984,NBA,,G
moncrsi01,All-Defensive First Team,1985,NBA,,
moncrsi01,All-NBA Second Team,1985,NBA,,G
monroea01,Rookie of the Year,1967,NBA,,
monroea01,All-NBA First Team,1968,NBA,,G
monrogr01,All-Rookie Second Team,2010,NBA,,C
moonja01,All-Rookie Second Team,2007,NBA,,
mournal01,All-Defensive First Team,1998,NBA,,
mournal01,All-NBA First Team,1998,NBA,,C
mournal01,Defensive Player of the Year,1998,NBA,,
mournal01,All-Defensive First Team,1999,NBA,,
mournal01,All-NBA Second Team,1999,NBA,,C
mournal01,Defensive Player of the Year,1999,NBA,,
mullich01,All-NBA Second Team,1988,NBA,,F
mullich01,All-NBA Third Team,1989,NBA,,F
mullich01,All-NBA Second Team,1990,NBA,,F
mullich01,All-NBA First Team,1991,NBA,,F
muresgh01,Most Improved Player,1995,NBA,,
mutomdi01,All-Defensive Second Team,1994,NBA,,
mutomdi01,Defensive Player of the Year,1994,NBA,,
mutomdi01,All-Defensive First Team,1996,NBA,,
mutomdi01,Defensive Player of the Year,1996,NBA,,
mutomdi01,All-Defensive First Team,1997,NBA,,
mutomdi01,All-NBA Third Team,1997,NBA,,C
mutomdi01,Defensive Player of the Year,1997,NBA,,
mutomdi01,All-Defensive Second Team,1998,NBA,,
mutomdi01,All-Defensive First Team,2000,NBA,,
mutomdi01,All-NBA Second Team,2000,NBA,,C
mutomdi01,Defensive Player of the Year,2000,NBA,,
mutomdi01,All-Defensive Second Team,2001,NBA,,
mutomdi01,All-NBA Third Team,2001,NBA,,C
mutomdi01,J. Walter Kennedy Citizenship Award,2008,NBA,,
nancela01,All-Defensive First Team,1988,NBA,,
nancela01,All-Defensive Second Team,1991,NBA,,
nancela01,All-Defensive Second Team,1992,NBA,,
nashst01,All-NBA Third Team,2001,NBA,,G
nashst01,All-NBA Third Team,2002,NBA,,G
nashst01,All-NBA First Team,2004,NBA,,G
nashst01,Most Valuable Player,2004,NBA,,
nashst01,All-NBA First Team,2005,NBA,,G
nashst01,Most Valuable Player,2005,NBA,,
nashst01,All-NBA First Team,2006,NBA,,G
nashst01,All-NBA Second Team,2007,NBA,,G
nashst01,All-NBA Second Team,2009,NBA,,G
natersw01,All-ABA Second Team,1973,ABA,,C
natersw01,Rookie of the Year,1973,ABA,,
natersw01,All-ABA Second Team,1974,ABA,,C
navarju01,All-Rookie Second Team,2007,NBA,,
nealga01,All-Rookie First Team,2010,NBA,,G
netolbo01,All-ABA Second Team,1969,ABA,,F
noahjo01,All-Defensive Second Team,2010,NBA,,F/C
nowitdi01,All-NBA Third Team,2000,NBA,,F
nowitdi01,All-NBA Second Team,2001,NBA,,C
nowitdi01,All-NBA Second Team,2002,NBA,,F
nowitdi01,All-NBA Third Team,2003,NBA,,F
nowitdi01,All-NBA First Team,2004,NBA,,F
nowitdi01,All-NBA First Team,2005,NBA,,F
nowitdi01,All-NBA First Team,2006,NBA,,F
nowitdi01,Most Valuable Player,2006,NBA,,
nowitdi01,All-NBA Second Team,2007,NBA,,F
nowitdi01,All-NBA First Team,2008,NBA,,F
nowitdi01,All-NBA Second Team,2009,NBA,,F
nowitdi01,All-NBA Second Team,2010,NBA,,F
nowitdi01,Finals MVP,2010,NBA,,
nowitdi01,All-NBA Third Team,2011,NBA,,F
oaklech01,All-Defensive First Team,1993,NBA,,
oaklech01,All-Defensive Second Team,1997,NBA,,
odomla01,Sixth Man of the Year,2010,NBA,,
okafoem01,Rookie of the Year,2004,NBA,,
olajuha01,All-Defensive Second Team,1984,NBA,,
olajuha01,All-NBA Second Team,1985,NBA,,C
olajuha01,All-Defensive First Team,1986,NBA,,
olajuha01,All-NBA First Team,1986,NBA,,C
olajuha01,All-Defensive First Team,1987,NBA,,
olajuha01,All-NBA First Team,1987,NBA,,C
olajuha01,All-NBA First Team,1988,NBA,,C
olajuha01,All-Defensive First Team,1989,NBA,,
olajuha01,All-NBA Second Team,1989,NBA,,C
olajuha01,All-Defensive Second Team,1990,NBA,,
olajuha01,All-NBA Third Team,1990,NBA,,C
olajuha01,All-Defensive First Team,1992,NBA,,
olajuha01,All-NBA First Team,1992,NBA,,C
olajuha01,Defensive Player of the Year,1992,NBA,,
olajuha01,All-Defensive First Team,1993,NBA,,
olajuha01,All-NBA First Team,1993,NBA,,C
olajuha01,Defensive Player of the Year,1993,NBA,,
olajuha01,Finals MVP,1993,NBA,,
olajuha01,Most Valuable Player,1993,NBA,,
olajuha01,All-NBA Third Team,1994,NBA,,C
olajuha01,Finals MVP,1994,NBA,,
olajuha01,All-Defensive Second Team,1995,NBA,,
olajuha01,All-NBA Second Team,1995,NBA,,C
olajuha01,All-Defensive Second Team,1996,NBA,,
olajuha01,All-NBA First Team,1996,NBA,,C
olajuha01,All-NBA Third Team,1998,NBA,,C
onealje01,All-NBA Third Team,2001,NBA,,F
onealje01,Most Improved Player,2001,NBA,,
onealje01,All-NBA Third Team,2002,NBA,,C
onealje01,All-NBA Second Team,2003,NBA,,F
onealsh01,Rookie of the Year,1992,NBA,,
onealsh01,All-NBA Third Team,1993,NBA,,C
onealsh01,All-NBA Second Team,1994,NBA,,C
onealsh01,All-NBA Third Team,1995,NBA,,C
onealsh01,All-NBA Third Team,1996,NBA,,C
onealsh01,All-NBA First Team,1997,NBA,,C
onealsh01,All-NBA Second Team,1998,NBA,,C
onealsh01,All-Defensive Second Team,1999,NBA,,
onealsh01,All-NBA First Team,1999,NBA,,C
onealsh01,Finals MVP,1999,NBA,,
onealsh01,Most Valuable Player,1999,NBA,,
onealsh01,All-Defensive Second Team,2000,NBA,,
onealsh01,All-NBA First Team,2000,NBA,,C
onealsh01,Finals MVP,2000,NBA,,
onealsh01,All-NBA First Team,2001,NBA,,C
onealsh01,Finals MVP,2001,NBA,,
onealsh01,All-Defensive Second Team,2002,NBA,,
onealsh01,All-NBA First Team,2002,NBA,,C
onealsh01,All-NBA First Team,2003,NBA,,C
onealsh01,All-NBA First Team,2004,NBA,,C
onealsh01,All-NBA First Team,2005,NBA,,C
onealsh01,All-NBA Third Team,2008,NBA,,C
ottendo01,Most Valuable Player,1948,NBL,,
parisro01,All-NBA Second Team,1981,NBA,,C
parisro01,All-NBA Third Team,1988,NBA,,C
parketo01,Finals MVP,2006,NBA,,
parketo01,All-NBA Third Team,2008,NBA,,G
parketo01,All-NBA Second Team,2011,NBA,,G
parsoch01,All-Rookie Second Team,2011,NBA,,F
paulch01,Rookie of the Year,2005,NBA,,
paulch01,All-Defensive Second Team,2007,NBA,,G
paulch01,All-NBA First Team,2007,NBA,,G
paulch01,All-Defensive First Team,2008,NBA,,
paulch01,All-NBA Second Team,2008,NBA,,G
paulch01,All-Defensive Second Team,2010,NBA,,G
paulch01,All-NBA Third Team,2010,NBA,,G
paulch01,All-Defensive First Team,2011,NBA,,G
paulch01,All-NBA First Team,2011,NBA,,G
paxsoji02,All-NBA Second Team,1983,NBA,,G
paytoga01,All-Defensive First Team,1993,NBA,,
paytoga01,All-NBA Third Team,1993,NBA,,G
paytoga01,All-Defensive First Team,1994,NBA,,
paytoga01,All-NBA Second Team,1994,NBA,,G
paytoga01,All-Defensive First Team,1995,NBA,,
paytoga01,All-NBA Second Team,1995,NBA,,G
paytoga01,Defensive Player of the Year,1995,NBA,,
paytoga01,All-Defensive First Team,1996,NBA,,
paytoga01,All-NBA Second Team,1996,NBA,,G
paytoga01,All-Defensive First Team,1997,NBA,,
paytoga01,All-NBA First Team,1997,NBA,,G
paytoga01,All-Defensive First Team,1998,NBA,,
paytoga01,All-NBA Second Team,1998,NBA,,G
paytoga01,All-Defensive First Team,1999,NBA,,
paytoga01,All-NBA First Team,1999,NBA,,G
paytoga01,All-Defensive First Team,2000,NBA,,
paytoga01,All-NBA Third Team,2000,NBA,,G
paytoga01,All-Defensive First Team,2001,NBA,,
paytoga01,All-NBA Second Team,2001,NBA,,G
persoch01,Rookie of the Year,1986,NBA,,
petrige01,Rookie of the Year,1970,NBA,tie,
petrodr01,All-NBA Third Team,1992,NBA,,G
pettibo01,All-NBA First Team,1954,NBA,,
pettibo01,Rookie of the Year,1954,NBA,,
pettibo01,All-NBA First Team,1955,NBA,,F
pettibo01,Most Valuable Player,1955,NBA,,
pettibo01,All-NBA First Team,1956,NBA,,C
pettibo01,All-NBA First Team,1957,NBA,,C
pettibo01,All-NBA First Team,1958,NBA,,F
pettibo01,Most Valuable Player,1958,NBA,,
pettibo01,All-NBA First Team,1959,NBA,,F
pettibo01,All-NBA First Team,1960,NBA,,F
pettibo01,All-NBA First Team,1961,NBA,,F
pettibo01,All-NBA First Team,1962,NBA,,F
pettibo01,All-NBA First Team,1963,NBA,,F
pettibo01,All-NBA Second Team,1964,NBA,,F
phillan01,All-NBA Second Team,1951,NBA,,
phillan01,All-NBA Second Team,1952,NBA,,
phillbo01,All-Defensive Second Team,1995,NBA,,
piercpa01,All-NBA Third Team,2001,NBA,,G
piercpa01,All-NBA Third Team,2002,NBA,,F
piercpa01,All-NBA Third Team,2007,NBA,,F
piercpa01,Finals MVP,2007,NBA,,
piercpa01,All-NBA Second Team,2008,NBA,,F
piercri01,Sixth Man of the Year,1986,NBA,,
piercri01,Sixth Man of the Year,1989,NBA,,
pippesc01,All-Defensive Second Team,1990,NBA,,
pippesc01,All-Defensive First Team,1991,NBA,,
pippesc01,All-NBA Second Team,1991,NBA,,F
pippesc01,All-Defensive First Team,1992,NBA,,
pippesc01,All-NBA Third Team,1992,NBA,,F
pippesc01,All-Defensive First Team,1993,NBA,,
pippesc01,All-NBA First Team,1993,NBA,,F
pippesc01,All-Defensive First Team,1994,NBA,,
pippesc01,All-NBA First Team,1994,NBA,,F
pippesc01,All-Defensive First Team,1995,NBA,,
pippesc01,All-NBA First Team,1995,NBA,,F
pippesc01,All-Defensive First Team,1996,NBA,,
pippesc01,All-NBA Second Team,1996,NBA,,F
pippesc01,All-Defensive First Team,1997,NBA,,
pippesc01,All-NBA Third Team,1997,NBA,,F
pippesc01,All-Defensive First Team,1998,NBA,,
pippesc01,All-Defensive Second Team,1999,NBA,,
pollaji01,All-NBA First Team,1948,NBA,,
pollaji01,All-NBA First Team,1949,NBA,,
pollaji01,All-NBA Second Team,1951,NBA,,
pollaji01,All-NBA Second Team,1953,NBA,,
powelci01,All-ABA Second Team,1967,ABA,,F
presspa01,All-Defensive First Team,1984,NBA,,
presspa01,All-Defensive First Team,1985,NBA,,
presspa01,All-Defensive Second Team,1986,NBA,,
priceji01,All-Defensive Second Team,1973,NBA,tie,
pricema01,All-NBA Third Team,1988,NBA,,G
pricema01,All-NBA Third Team,1991,NBA,,G
pricema01,All-NBA First Team,1992,NBA,,G
pricema01,All-NBA Third Team,1993,NBA,,G
princta01,All-Defensive Second Team,2004,NBA,,
princta01,All-Defensive Second Team,2005,NBA,,
princta01,All-Defensive Second Team,2006,NBA,,
princta01,All-Defensive Second Team,2007,NBA,,F
randoza01,Most Improved Player,2003,NBA,,
randoza01,All-NBA Third Team,2010,NBA,,F
ratlith01,All-Defensive Second Team,1998,NBA,,
ratlith01,All-Defensive Second Team,2003,NBA,,
reddmi01,All-NBA Third Team,2003,NBA,,G
reedwi01,Rookie of the Year,1964,NBA,,
reedwi01,All-NBA Second Team,1966,NBA,,F
reedwi01,All-NBA Second Team,1967,NBA,,F
reedwi01,All-NBA Second Team,1968,NBA,,C
reedwi01,All-Defensive First Team,1969,NBA,,
reedwi01,All-NBA First Team,1969,NBA,,C
reedwi01,Finals MVP,1969,NBA,,
reedwi01,Most Valuable Player,1969,NBA,,
reedwi01,All-NBA Second Team,1970,NBA,,C
reedwi01,Finals MVP,1972,NBA,,
ricegl01,All-NBA Second Team,1996,NBA,,F
ricegl01,All-NBA Third Team,1997,NBA,,F
richami01,All-Defensive First Team,1979,NBA,tie,
richami01,All-Defensive First Team,1980,NBA,,
richami01,Comeback,1984,NBA,,
richmmi01,Rookie of the Year,1988,NBA,,
richmmi01,All-NBA Second Team,1993,NBA,,G
richmmi01,All-NBA Second Team,1994,NBA,,G
richmmi01,All-NBA Third Team,1995,NBA,,G
richmmi01,All-NBA Second Team,1996,NBA,,G
richmmi01,All-NBA Third Team,1997,NBA,,G
riebeme01,Rookie of the Year,1943,NBL,,
riordmi01,All-Defensive Second Team,1972,NBA,,
risenar01,All-NBA Second Team,1948,NBA,,
robbire01,All-ABA Second Team,1968,ABA,,C
robbire01,All-ABA Second Team,1969,ABA,,C
roberal01,All-Defensive Second Team,1985,NBA,,
roberal01,All-NBA Second Team,1985,NBA,,G
roberal01,Defensive Player of the Year,1985,NBA,,
roberal01,Most Improved Player,1985,NBA,,
roberal01,All-Defensive First Team,1986,NBA,,
roberal01,All-Defensive Second Team,1987,NBA,,
roberal01,All-Defensive Second Team,1988,NBA,,
roberal01,All-Defensive Second Team,1989,NBA,,
roberal01,All-Defensive First Team,1990,NBA,,
roberos01,All-NBA First Team,1960,NBA,,G
roberos01,Rookie of the Year,1960,NBA,,
roberos01,All-NBA First Team,1961,NBA,,G
roberos01,All-NBA First Team,1962,NBA,,G
roberos01,All-NBA First Team,1963,NBA,,G
roberos01,Most Valuable Player,1963,NBA,,
roberos01,All-NBA First Team,1964,NBA,,G
roberos01,All-NBA First Team,1965,NBA,,G
roberos01,All-NBA First Team,1966,NBA,,G
roberos01,All-NBA First Team,1967,NBA,,G
roberos01,All-NBA First Team,1968,NBA,,G
roberos01,All-NBA Second Team,1969,NBA,,G
roberos01,All-NBA Second Team,1970,NBA,,G
robincl02,Sixth Man of the Year,1992,NBA,,
robincl02,All-Defensive Second Team,1999,NBA,,
robincl02,All-Defensive Second Team,2001,NBA,,
robinda01,All-Defensive Second Team,1989,NBA,,
robinda01,All-NBA Third Team,1989,NBA,,C
robinda01,Rookie of the Year,1989,NBA,,
robinda01,All-Defensive First Team,1990,NBA,,
robinda01,All-NBA First Team,1990,NBA,,C
robinda01,All-Defensive First Team,1991,NBA,,
robinda01,All-NBA First Team,1991,NBA,,C
robinda01,Defensive Player of the Year,1991,NBA,,
robinda01,All-Defensive Second Team,1992,NBA,,
robinda01,All-NBA Third Team,1992,NBA,,C
robinda01,All-Defensive Second Team,1993,NBA,,
robinda01,All-NBA Second Team,1993,NBA,,C
robinda01,All-Defensive First Team,1994,NBA,,
robinda01,All-NBA First Team,1994,NBA,,C
robinda01,Most Valuable Player,1994,NBA,,
robinda01,All-Defensive First Team,1995,NBA,,
robinda01,All-NBA First Team,1995,NBA,,C
robinda01,All-Defensive Second Team,1997,NBA,,
robinda01,All-NBA Second Team,1997,NBA,,C
robinda01,All-NBA Third Team,1999,NBA,,C
robinda01,All-NBA Third Team,2000,NBA,,C
robintr01,All-NBA First Team,1977,NBA,,F
rodmade01,All-Defensive First Team,1988,NBA,,
rodmade01,All-Defensive First Team,1989,NBA,,
rodmade01,Defensive Player of the Year,1989,NBA,,
rodmade01,All-Defensive First Team,1990,NBA,,
rodmade01,Defensive Player of the Year,1990,NBA,,
rodmade01,All-Defensive First Team,1991,NBA,,
rodmade01,All-NBA Third Team,1991,NBA,,F
rodmade01,All-Defensive First Team,1992,NBA,,
rodmade01,All-Defensive Second Team,1993,NBA,,
rodmade01,All-Defensive First Team,1994,NBA,,
rodmade01,All-NBA Third Team,1994,NBA,,F
rodmade01,All-Defensive First Team,1995,NBA,,
rogerro01,Sixth Man of the Year,1999,NBA,,
rollitr01,All-Defensive Second Team,1982,NBA,,
rollitr01,All-Defensive First Team,1983,NBA,,
rondora01,All-Defensive Second Team,2008,NBA,,
rondora01,All-Defensive First Team,2009,NBA,,
rondora01,All-Defensive First Team,2010,NBA,,G
rondora01,All-Defensive Second Team,2011,NBA,,G
rondora01,All-NBA Third Team,2011,NBA,,G
rosede01,All-Rookie First Team,2008,NBA,,
rosede01,Rookie of the Year,2008,NBA,,
rosede01,All-NBA First Team,2010,NBA,,G
rosede01,Most Valuable Player,2010,NBA,,
roseja01,Most Improved Player,1999,NBA,,
roundda01,All-Defensive First Team,1979,NBA,,
roundda01,All-NBA Second Team,1979,NBA,,F
roundda01,All-Defensive Second Team,1980,NBA,,
roundda01,All-Defensive First Team,1981,NBA,,
roundda01,All-Defensive First Team,1982,NBA,,
roundda01,All-Defensive Second Team,1983,NBA,,
roybr01,Rookie of the Year,2006,NBA,,
roybr01,All-NBA Second Team,2008,NBA,,G
roybr01,All-NBA Third Team,2009,NBA,,G
rubiori01,All-Rookie First Team,2011,NBA,,G
russebi01,All-NBA Second Team,1957,NBA,,C
russebi01,Most Valuable Player,1957,NBA,,
russebi01,All-NBA First Team,1958,NBA,,C
russebi01,All-NBA Second Team,1959,NBA,,C
russebi01,All-NBA Second Team,1960,NBA,,C
russebi01,Most Valuable Player,1960,NBA,,
russebi01,All-NBA Second Team,1961,NBA,,C
russebi01,Most Valuable Player,1961,NBA,,
russebi01,All-NBA First Team,1962,NBA,,C
russebi01,Most Valuable Player,1962,NBA,,
russebi01,All-NBA Second Team,1963,NBA,,C
russebi01,All-NBA First Team,1964,NBA,,C
russebi01,Most Valuable Player,1964,NBA,,
russebi01,All-NBA Second Team,1965,NBA,,C
russebi01,All-NBA Second Team,1966,NBA,,C
russebi01,All-NBA Second Team,1967,NBA,,C
russebi01,All-Defensive First Team,1968,NBA,,
sadowed01,Rookie of the Year,1940,NBL,,
sadowed01,All-NBA First Team,1947,NBA,,
sailoke01,All-NBA Second Team,1948,NBA,,
sampsra01,Rookie of the Year,1983,NBA,,
sampsra01,All-NBA Second Team,1984,NBA,,F
sandeto01,All-Defensive Second Team,1968,NBA,,
sauldwo01,Rookie of the Year,1957,NBA,,
schaufr01,All-NBA Second Team,1949,NBA,,
schaydo01,Rookie of the Year,1948,NBL,,
schaydo01,All-NBA Second Team,1949,NBA,,
schaydo01,All-NBA Second Team,1950,NBA,,
schaydo01,All-NBA First Team,1951,NBA,,
schaydo01,All-NBA First Team,1952,NBA,,
schaydo01,All-NBA First Team,1953,NBA,,
schaydo01,All-NBA First Team,1954,NBA,,
schaydo01,All-NBA Second Team,1955,NBA,,F
schaydo01,All-NBA First Team,1956,NBA,,F
schaydo01,All-NBA First Team,1957,NBA,,F
schaydo01,All-NBA Second Team,1958,NBA,,C
schaydo01,All-NBA Second Team,1959,NBA,,F
schaydo01,All-NBA Second Team,1960,NBA,,F
schrede01,Sixth Man of the Year,1990,NBA,,
schrede01,Sixth Man of the Year,1991,NBA,,
schrede01,All-NBA Third Team,1994,NBA,,F
scolafr01,All-NBA Second Team,1946,NBA,,
scolafr01,All-NBA Second Team,1947,NBA,,
scolalu01,All-Rookie First Team,2007,NBA,,
scottch01,All-ABA First Team,1970,ABA,,G
scottch01,Rookie of the Year,1970,ABA,tie,
scottch01,All-ABA Second Team,1971,ABA,,G
sefolth01,All-Defensive Second Team,2009,NBA,,
seikaro01,Most Improved Player,1989,NBA,,
seymopa01,All-NBA Second Team,1953,NBA,,
seymopa01,All-NBA Second Team,1954,NBA,,
sharmbi01,All-NBA Second Team,1952,NBA,,
sharmbi01,All-NBA Second Team,1954,NBA,,
sharmbi01,All-NBA First Team,1955,NBA,,G
sharmbi01,All-NBA First Team,1956,NBA,,G
sharmbi01,All-NBA First Team,1957,NBA,,G
sharmbi01,All-NBA First Team,1958,NBA,,G
sharmbi01,All-NBA Second Team,1959,NBA,,G
sheltlo01,All-Defensive Second Team,1981,NBA,,
shuege01,All-NBA First Team,1959,NBA,,G
shuege01,All-NBA Second Team,1960,NBA,,G
shumpim01,All-Rookie First Team,2011,NBA,tie,G
sikmaja01,All-Defensive Second Team,1981,NBA,,
silasja01,All-ABA Second Team,1974,ABA,,G
silasja01,All-ABA First Team,1975,ABA,,G
silaspa01,All-Defensive Second Team,1970,NBA,,
silaspa01,All-Defensive Second Team,1971,NBA,,
silaspa01,All-Defensive Second Team,1972,NBA,,
silaspa01,All-Defensive First Team,1974,NBA,,
silaspa01,All-Defensive First Team,1975,NBA,,
simmobo01,Most Improved Player,2004,NBA,,
simpsra01,All-ABA Second Team,1971,ABA,,G
simpsra01,All-ABA Second Team,1972,ABA,,G
simpsra01,All-ABA First Team,1975,ABA,,G
skilesc01,Most Improved Player,1990,NBA,,
sloanje01,All-Defensive First Team,1968,NBA,,
sloanje01,All-Defensive Second Team,1969,NBA,,
sloanje01,All-Defensive Second Team,1970,NBA,,
sloanje01,All-Defensive First Team,1971,NBA,tie,
sloanje01,All-Defensive First Team,1973,NBA,tie,
sloanje01,All-Defensive First Team,1974,NBA,,
smithjo03,All-Defensive Second Team,2009,NBA,,
smithph01,All-Defensive Second Team,1975,NBA,,
smithph01,All-NBA Second Team,1975,NBA,,G
smithra01,All-NBA Second Team,1975,NBA,,G
snower01,All-Defensive Second Team,2002,NBA,,
sprewla01,All-Defensive Second Team,1993,NBA,,
sprewla01,All-NBA First Team,1993,NBA,,G
starkjo01,All-Defensive Second Team,1992,NBA,,
starkjo01,Sixth Man of the Year,1996,NBA,,
stephbe01,Rookie of the Year,1939,NBL,,
stephbe01,Most Valuable Player,1940,NBL,,
stockjo01,All-NBA Second Team,1987,NBA,,G
stockjo01,All-Defensive Second Team,1988,NBA,,
stockjo01,All-NBA Second Team,1988,NBA,,G
stockjo01,All-NBA Second Team,1989,NBA,,G
stockjo01,All-Defensive Second Team,1990,NBA,,
stockjo01,All-NBA Third Team,1990,NBA,,G
stockjo01,All-Defensive Second Team,1991,NBA,,
stockjo01,All-NBA Second Team,1991,NBA,,G
stockjo01,All-NBA Second Team,1992,NBA,,G
stockjo01,All-NBA First Team,1993,NBA,,G
stockjo01,All-Defensive Second Team,1994,NBA,,
stockjo01,All-NBA First Team,1994,NBA,,G
stockjo01,All-NBA Second Team,1995,NBA,,G
stockjo01,All-Defensive Second Team,1996,NBA,,
stockjo01,All-NBA Third Team,1996,NBA,,G
stockjo01,All-NBA Third Team,1998,NBA,,G
stojape01,All-NBA Second Team,2003,NBA,,F
stokema01,All-NBA Second Team,1955,NBA,,F
stokema01,Rookie of the Year,1955,NBA,,
stokema01,All-NBA Second Team,1956,NBA,,F
stokema01,All-NBA Second Team,1957,NBA,,F
stoudam01,Rookie of the Year,2002,NBA,,
stoudam01,All-NBA Second Team,2004,NBA,,C
stoudam01,All-NBA First Team,2006,NBA,,C
stoudam01,All-NBA Second Team,2007,NBA,,C
stoudam01,All-NBA Second Team,2009,NBA,,C
stoudam01,All-NBA Second Team,2010,NBA,,C
stoudda01,Rookie of the Year,1995,NBA,,
stricro02,All-NBA Second Team,1997,NBA,,G
stuckro01,All-Rookie Second Team,2007,NBA,,
tarplro01,Sixth Man of the Year,1987,NBA,,
taylobr01,Rookie of the Year,1972,ABA,,
taylobr01,All-ABA Second Team,1974,ABA,,G
taylobr01,All-Defensive Team,1974,ABA,,
taylobr01,All-Defensive Team,1975,ABA,,
taylobr01,All-Defensive Second Team,1976,NBA,,
taylofa01,All-Defensive Team,1972,ABA,,
taylofa01,All-Defensive Team,1973,ABA,,
terryja01,Sixth Man of the Year,2008,NBA,,
thomais01,All-NBA Second Team,1982,NBA,,G
thomais01,All-NBA First Team,1983,NBA,,G
thomais01,All-NBA First Team,1984,NBA,,G
thomais01,All-NBA First Team,1985,NBA,,G
thomais01,All-NBA Second Team,1986,NBA,,G
thomais01,Finals MVP,1989,NBA,,
thomais02,All-Rookie Second Team,2011,NBA,,G
thompda01,All-ABA Second Team,1975,ABA,,F
thompda01,Rookie of the Year,1975,ABA,,
thompda01,All-NBA First Team,1976,NBA,,F
thompda01,All-NBA First Team,1977,NBA,,G
thompkl01,All-Rookie First Team,2011,NBA,,F/G
thomptr02,All-Rookie Second Team,2011,NBA,,F/C
thornal01,All-Rookie First Team,2007,NBA,,
thornma01,All-Rookie Second Team,2009,NBA,,
thurmna01,All-Defensive First Team,1968,NBA,,
thurmna01,All-Defensive First Team,1970,NBA,,
thurmna01,All-Defensive Second Team,1971,NBA,,
thurmna01,All-Defensive Second Team,1972,NBA,,
thurmna01,All-Defensive Second Team,1973,NBA,,
todormi01,Rookie of the Year,1947,NBL,,
turkohe01,Most Improved Player,2007,NBA,,
twymaja01,All-NBA Second Team,1959,NBA,,F
twymaja01,All-NBA Second Team,1961,NBA,,F
unselwe01,All-NBA First Team,1968,NBA,,C
unselwe01,Most Valuable Player,1968,NBA,,
unselwe01,Rookie of the Year,1968,NBA,,
unselwe01,Finals MVP,1977,NBA,,
vanardi01,All-Defensive Second Team,1973,NBA,tie,
vanlino01,All-Defensive Second Team,1970,NBA,,
vanlino01,All-Defensive Second Team,1971,NBA,,
vanlino01,All-Defensive Second Team,1972,NBA,,
vanlino01,All-Defensive First Team,1973,NBA,,
vanlino01,All-NBA Second Team,1973,NBA,,G
vanlino01,All-Defensive Second Team,1974,NBA,,
vanlino01,All-Defensive First Team,1975,NBA,,
vanlino01,All-Defensive First Team,1976,NBA,,
vanlino01,All-Defensive Second Team,1977,NBA,,
varejan01,All-Defensive Second Team,2009,NBA,,
vergabo01,All-ABA First Team,1969,ABA,,G
vraneda01,All-Defensive Second Team,1984,NBA,,
wadedw01,All-Defensive Second Team,2004,NBA,tie,
wadedw01,All-NBA Second Team,2004,NBA,,G
wadedw01,All-NBA Second Team,2005,NBA,,G
wadedw01,Finals MVP,2005,NBA,,
wadedw01,All-NBA Third Team,2006,NBA,,G
wadedw01,All-Defensive Second Team,2008,NBA,,
wadedw01,All-NBA First Team,2008,NBA,,G
wadedw01,All-Defensive Second Team,2009,NBA,,
wadedw01,All-NBA First Team,2009,NBA,,G
wadedw01,All-NBA Second Team,2010,NBA,,G
wadedw01,All-NBA Third Team,2011,NBA,,G
wallabe01,All-Defensive First Team,2001,NBA,,
wallabe01,All-NBA Third Team,2001,NBA,,F
wallabe01,Defensive Player of the Year,2001,NBA,,
wallabe01,All-Defensive First Team,2002,NBA,,
wallabe01,All-NBA Second Team,2002,NBA,,C
wallabe01,Defensive Player of the Year,2002,NBA,,
wallabe01,All-Defensive First Team,2003,NBA,,
wallabe01,All-NBA Second Team,2003,NBA,,C
wallabe01,All-Defensive First Team,2004,NBA,,
wallabe01,All-NBA Third Team,2004,NBA,,C
wallabe01,Defensive Player of the Year,2004,NBA,,
wallabe01,All-Defensive First Team,2005,NBA,,
wallabe01,All-NBA Second Team,2005,NBA,,C
wallabe01,Defensive Player of the Year,2005,NBA,,
wallabe01,All-Defensive Second Team,2006,NBA,,
wallage01,All-Defensive First Team,2009,NBA,,
walljo01,All-Rookie First Team,2010,NBA,,G
waltobi01,All-Defensive First Team,1976,NBA,,
waltobi01,All-NBA Second Team,1976,NBA,,C
waltobi01,Finals MVP,1976,NBA,,
waltobi01,All-Defensive First Team,1977,NBA,,
waltobi01,All-NBA First Team,1977,NBA,,C
waltobi01,Most Valuable Player,1977,NBA,,
waltobi01,Sixth Man of the Year,1985,NBA,,
wanzebo01,All-NBA Second Team,1951,NBA,,
wanzebo01,All-NBA Second Team,1952,NBA,,
wanzebo01,All-NBA Second Team,1953,NBA,,
washike01,All-Defensive Second Team,1979,NBA,,
washike01,All-Defensive Second Team,1980,NBA,,
wattssl01,All-Defensive First Team,1975,NBA,,
webbech01,Rookie of the Year,1993,NBA,,
webbech01,All-NBA Second Team,1998,NBA,,F
webbech01,All-NBA Third Team,1999,NBA,,F
webbech01,All-NBA First Team,2000,NBA,,F
webbech01,All-NBA Second Team,2001,NBA,,F
webbech01,All-NBA Second Team,2002,NBA,,F
wedmasc01,All-Defensive Second Team,1979,NBA,,
westbru01,All-Rookie First Team,2008,NBA,,
westbru01,All-NBA Second Team,2010,NBA,,G
westbru01,All-NBA Second Team,2011,NBA,,G
westje01,All-NBA First Team,1961,NBA,,G
westje01,All-NBA First Team,1962,NBA,,G
westje01,All-NBA First Team,1963,NBA,,G
westje01,All-NBA First Team,1964,NBA,,G
westje01,All-NBA First Team,1965,NBA,,G
westje01,All-NBA First Team,1966,NBA,,G
westje01,All-NBA Second Team,1967,NBA,,G
westje01,All-Defensive Second Team,1968,NBA,,
westje01,All-NBA Second Team,1968,NBA,,G
westje01,Finals MVP,1968,NBA,,
westje01,All-Defensive First Team,1969,NBA,,
westje01,All-NBA First Team,1969,NBA,,G
westje01,All-Defensive First Team,1970,NBA,,
westje01,All-NBA First Team,1970,NBA,,G
westje01,All-Defensive First Team,1971,NBA,,
westje01,All-NBA First Team,1971,NBA,,G
westje01,All-Defensive First Team,1972,NBA,,
westje01,All-NBA First Team,1972,NBA,,G
westppa01,All-NBA First Team,1976,NBA,,G
westppa01,All-NBA Second Team,1977,NBA,,G
westppa01,All-NBA First Team,1978,NBA,,G
westppa01,All-NBA First Team,1979,NBA,,G
westppa01,Comeback,1982,NBA,,
whitejo01,All-NBA Second Team,1974,NBA,,G
whitejo01,Finals MVP,1975,NBA,,
whitejo01,All-NBA Second Team,1976,NBA,,G
wickssi01,Rookie of the Year,1971,NBA,,
wilkeja01,Rookie of the Year,1974,NBA,,
wilkeja01,All-Defensive Second Team,1975,NBA,,
wilkeja01,All-Defensive Second Team,1976,NBA,,
wilkido01,All-NBA First Team,1985,NBA,,F
wilkido01,All-NBA Second Team,1986,NBA,,F
wilkido01,All-NBA Second Team,1987,NBA,,F
wilkido01,All-NBA Third Team,1988,NBA,,F
wilkido01,All-NBA Second Team,1990,NBA,,F
wilkido01,All-NBA Second Team,1992,NBA,,F
wilkido01,All-NBA Third Team,1993,NBA,,F
willibu01,Rookie of the Year,1981,NBA,,
willibu01,All-NBA Second Team,1982,NBA,,F
willibu01,All-Defensive Second Team,1987,NBA,,
willibu01,All-Defensive First Team,1989,NBA,,
willibu01,All-Defensive First Team,1990,NBA,,
willibu01,All-Defensive Second Team,1991,NBA,,
willich01,All-ABA First Team,1967,ABA,,G
willico02,Sixth Man of the Year,2001,NBA,,
willide01,All-NBA Second Team,2007,NBA,,G
willide01,All-NBA Second Team,2009,NBA,,G
willide02,All-Rookie Second Team,2011,NBA,,F
willigu01,All-NBA Second Team,1979,NBA,,G
willigu01,All-NBA First Team,1981,NBA,,G
willigu01,Comeback,1981,NBA,,
willike02,All-NBA Third Team,1991,NBA,,F
willimi02,All-Defensive Second Team,1991,NBA,,
wisewi01,All-ABA Second Team,1971,ABA,,F
wisewi01,All-Defensive Team,1972,ABA,,
wisewi01,All-ABA Second Team,1973,ABA,,F
wisewi01,All-Defensive Team,1973,ABA,,
worthja01,Finals MVP,1987,NBA,,
worthja01,All-NBA Third Team,1989,NBA,,F
worthja01,All-NBA Third Team,1990,NBA,,F
yardlge01,All-NBA Second Team,1956,NBA,,F
yardlge01,All-NBA First Team,1957,NBA,,F
youngje01,Rookie of the Year,1938,NBL,,
youngth01,All-Rookie Second Team,2007,NBA,,
zasloma01,All-NBA First Team,1946,NBA,,
zasloma01,All-NBA First Team,1947,NBA,,
zasloma01,All-NBA First Team,1948,NBA,,
zasloma01,All-NBA First Team,1949,NBA,,
