2022 Social Accounting Matrix for Ethiopia,Code,amaiz,arice,aocer,apuls,aoils,aroot,avege,asugr,atoba,acott,afrui,acoff,aocrp,acatt,apoul,aoliv,afore,afish,amine,afood,abeve,atext,awood,achem,anmet,ametl,amach,aoman,aelec,awatr,acons,atrad,atran,ahotl,acomm,afsrv,areal,absrv,apadm,aeduc,aheal,aosrv,cmaiz,crice,cocer,cpuls,coils,croot,cvege,csugr,ctoba,ccott,cfrui,ccoff,cocrp,ccatt,cpoul,coliv,cfore,cfish,cmine,cfood,cbeve,ctext,cwood,cchem,cnmet,cmetl,cmach,coman,celec,cwatr,ccons,ctrad,ctran,chotl,ccomm,cfsrv,creal,cbsrv,cpadm,ceduc,cheal,cosrv,trc,flab-n,flab-p,flab-s,flnd,fcap,ent,hhd-r1,hhd-r2,hhd-r3,hhd-r4,hhd-r5,hhd-u1,hhd-u2,hhd-u3,hhd-u4,hhd-u5,gov,dtax,mtax,stax,s-i,row,total
Activities - Maize,amaiz,,,,,,,,,,,,,,,,,,,,,,,,,,,,,,,,,,,,,,,,,,,190.3528137,,,,,,,,,,,,,,,,,,,,,,,,,,,,,,,,,,,,,,,,,,,,,,,,,45.09593148,32.33539076,53.06551264,32.56449434,24.70652125,0.279957212,0.358480516,0.261488238,0.763867212,1.620626968,,,,,,,381.4050844
Activities - Rice,arice,,,,,,,,,,,,,,,,,,,,,,,,,,,,,,,,,,,,,,,,,,,,13.22263769,,,,,,,,,,,,,,,,,,,,,,,,,,,,,,,,,,,,,,,,,,,,,,,,0.008687014,0.019577873,0.086619095,0.084559605,0.126260885,0.014687141,0.013402523,0.020279833,0.020511263,0.034513042,,,,,,,13.65173596
Activities - Other cereals,aocer,,,,,,,,,,,,,,,,,,,,,,,,,,,,,,,,,,,,,,,,,,,,,586.6343837,,,,,,,,,,,,,,,,,,,,,,,,,,,,,,,,,,,,,,,,,,,,,,,11.81925652,5.105505584,11.50692087,11.72394806,13.37246627,0.433182412,0.659508266,0.239211589,2.427398189,3.156287986,,,,,,,647.0780694
Activities - Pulses,apuls,,,,,,,,,,,,,,,,,,,,,,,,,,,,,,,,,,,,,,,,,,,,,,224.1235224,,,,,,,,,,,,,,,,,,,,,,,,,,,,,,,,,,,,,,,,,,,,,,13.86007814,18.85800085,20.92299633,27.23833278,22.00345736,0.189914157,0.485604532,0.434910609,0.798777735,1.760720064,,,,,,,330.676315
Activities - Oilseeds,aoils,,,,,,,,,,,,,,,,,,,,,,,,,,,,,,,,,,,,,,,,,,,,,,,67.19007145,,,,,,,,,,,,,,,,,,,,,,,,,,,,,,,,,,,,,,,,,,,,,1.515546474,4.54297162,4.429734788,3.099461294,4.104531917,0.024600228,0.061253843,0.010453423,0.068044228,0.204072992,,,,,,,85.25074226
Activities - Roots,aroot,,,,,,,,,,,,,,,,,,,,,,,,,,,,,,,,,,,,,,,,,,,,,,,,49.04134789,,,,,,,,,,,,,,,,,,,,,,,,,,,,,,,,,,,,,,,,,,,,23.68060207,17.38486361,36.99971226,30.34398986,24.53107756,0.127753983,0.137019247,0.21122836,0.581110242,0.915114276,,,,,,,183.9538193
Activities - Vegetables,avege,,,,,,,,,,,,,,,,,,,,,,,,,,,,,,,,,,,,,,,,,,,,,,,,,105.7312043,,,,,,,,,,,,,,,,,,,,,,,,,,,,,,,,,,,,,,,,,,,5.443843275,5.406378315,10.44943617,9.736517365,7.991477786,0.157270706,0.202734368,0.188981923,0.387211627,1.026615211,,,,,,,146.7216711
Activities - Sugarcane,asugr,,,,,,,,,,,,,,,,,,,,,,,,,,,,,,,,,,,,,,,,,,,,,,,,,,6.55790814,,,,,,,,,,,,,,,,,,,,,,,,,,,,,,,,,,,,,,,,,,0.001335524,0.027609767,0.040472719,0.042813394,0.037900472,0.000417484,0.00096693,0.000990319,0.000575556,0.000828163,,,,,,,6.71181847
Activities - Tobacco,atoba,,,,,,,,,,,,,,,,,,,,,,,,,,,,,,,,,,,,,,,,,,,,,,,,,,,0.15643291,,,,,,,,,,,,,,,,,,,,,,,,,,,,,,,,,,,,,,,,,,,,,,,,,,,,,,,,,0.15643291
Activities - Cotton and fibres,acott,,,,,,,,,,,,,,,,,,,,,,,,,,,,,,,,,,,,,,,,,,,,,,,,,,,,3.155184142,,,,,,,,,,,,,,,,,,,,,,,,,,,,,,,,,,,,,,,,,0.001819094,,0.008174968,0.001926099,,,,,,,,,,,,3.167104303
Activities - Fruits and nuts,afrui,,,,,,,,,,,,,,,,,,,,,,,,,,,,,,,,,,,,,,,,,,,,,,,,,,,,,16.92224099,,,,,,,,,,,,,,,,,,,,,,,,,,,,,,,,,,,,,,,0.752302506,0.613072114,1.484332975,1.485459517,2.169501062,0.017009231,0.022274538,0.062079729,0.132794379,0.267650747,,,,,,,23.92871779
"Activities - Coffee, tea and cocoa",acoff,,,,,,,,,,,,,,,,,,,,,,,,,,,,,,,,,,,,,,,,,,,,,,,,,,,,,,154.509982,,,,,,,,,,,,,,,,,,,,,,,,,,,,,,,,,,,,,,7.345024725,5.697070767,12.66744881,9.924766301,5.576238298,0.119131634,0.170365038,0.166890808,0.347287819,0.794947164,,,,,,,197.3191534
Activities - Other crops,aocrp,,,,,,,,,,,,,,,,,,,,,,,,,,,,,,,,,,,,,,,,,,,,,,,,,,,,,,,48.7258603,,,,,,,,,,,,,,,,,,,,,,,,,,,,,,,,,,,,,3.533563333,9.896726447,11.32855239,9.225178897,11.83703673,0.009386431,0.02350376,0.013685582,0.017280563,0.898707848,,,,,,,95.50948228
Activities - Cattle and raw milk,acatt,,,,,,,,,,,,,,,,,,,,,,,,,,,,,,,,,,,,,,,,,,,,,,,,,,,,,,,,393.5903104,,,,,,,,,,,,,,,,,,,,,,,,,,,,,,,,,,,,40.33539643,57.48907075,61.62168122,37.49135254,29.98199956,0.837389045,0.811863491,0.629365804,1.610725315,4.441039338,,,,,,,628.8401939
Activities - Poultry and eggs,apoul,,,,,,,,,,,,,,,,,,,,,,,,,,,,,,,,,,,,,,,,,,,,,,,,,,,,,,,,,21.32840131,,,,,,,,,,,,,,,,,,,,,,,,,,,,,,,,,,,0.148141452,0.40259051,0.910245945,1.301645421,2.1982357,0.036364871,0.026280925,0.058737562,0.141130072,0.655389766,,,,,,,27.20716353
Activities - Other livestock,aoliv,,,,,,,,,,,,,,,,,,,,,,,,,,,,,,,,,,,,,,,,,,,,,,,,,,,,,,,,,,190.75221,,,,,,,,,,,,,,,,,,,,,,,,,,,,,,,,,,0.959782279,7.605060008,4.230070689,9.661178083,25.59695063,0.03374289,0.234026262,0.223430746,0.998115968,3.479865519,,,,,,,243.7744331
Activities - Forestry,afore,,,,,,,,,,,,,,,,,,,,,,,,,,,,,,,,,,,,,,,,,,,,,,,,,,,,,,,,,,,257.9347798,,,,,,,,,,,,,,,,,,,,,,,,,,,,,,,,,2.051741132,6.03223875,11.04339289,14.19665549,23.94341582,0.087818582,0.184840672,0.182350634,0.451441084,1.136105755,,,,,,,317.2447806
Activities - Fisheries,afish,,,,,,,,,,,,,,,,,,,,,,,,,,,,,,,,,,,,,,,,,,,,,,,,,,,,,,,,,,,,32.47588606,,,,,,,,,,,,,,,,,,,,,,,,,,,,,,,,,,,,,,,,,,,,,,,,32.47588606
Activities - Mining,amine,,,,,,,,,,,,,,,,,,,,,,,,,,,,,,,,,,,,,,,,,,,,,,,,,,,,,,,,,,,,,36.69796556,,,,,,,,,,,,,,,,,,,,,,,,,,,,,,,,,,,,,,,,,,,,,,,36.69796556
Activities - Processed foods,afood,,,,,,,,,,,,,,,,,,,,,,,,,,,,,,,,,,,,,,,,,,,,,,,,,,,,,,,,,,,,,,444.4101318,,,,,,,,,,,,,,,,,,,,,,,,,,,,,,,,,,,,,,,,,,,,,,444.4101318
Activities - Beverage and tobacco,abeve,,,,,,,,,,,,,,,,,,,,,,,,,,,,,,,,,,,,,,,,,,,,,,,,,,,,,,,,,,,,,,,81.71303195,,,,,,,,,,,,,,,,,,,,,,,,,,,,,,,,,,,,,,,,,,,,,81.71303195
"Activities - Textiles, clothing and footwear",atext,,,,,,,,,,,,,,,,,,,,,,,,,,,,,,,,,,,,,,,,,,,,,,,,,,,,,,,,,,,,,,,,84.94415339,,,,,,,,,,,,,,,,,,,,,,,,,,,,,,,,,,,,,,,,,,,,84.94415339
Activities - Wood and paper products,awood,,,,,,,,,,,,,,,,,,,,,,,,,,,,,,,,,,,,,,,,,,,,,,,,,,,,,,,,,,,,,,,,,39.7890887,,,,,,,,,,,,,,,,,,,,,,,,,,,,,,,,,,,,,,,,,,,39.7890887
Activities - Chemicals and petroleum,achem,,,,,,,,,,,,,,,,,,,,,,,,,,,,,,,,,,,,,,,,,,,,,,,,,,,,,,,,,,,,,,,,,,45.588685,,,,,,,,,,,,,,,,,,,,,,,,,,,,,,,,,,,,,,,,,,45.588685
Activities - Non-metal minerals,anmet,,,,,,,,,,,,,,,,,,,,,,,,,,,,,,,,,,,,,,,,,,,,,,,,,,,,,,,,,,,,,,,,,,,68.08239184,,,,,,,,,,,,,,,,,,,,,,,,,,,,,,,,,,,,,,,,,68.08239184
Activities - Metals and metal products,ametl,,,,,,,,,,,,,,,,,,,,,,,,,,,,,,,,,,,,,,,,,,,,,,,,,,,,,,,,,,,,,,,,,,,,107.7731661,,,,,,,,,,,,,,,,,,,,,,,,,,,,,,,,,,,,,,,,107.7731661
"Activities - Machinery, equipment and vehicles",amach,,,,,,,,,,,,,,,,,,,,,,,,,,,,,,,,,,,,,,,,,,,,,,,,,,,,,,,,,,,,,,,,,,,,,20.56754625,,,,,,,,,,,,,,,,,,,,,,,,,,,,,,,,,,,,,,,20.56754625
Activities - Other manufacturing,aoman,,,,,,,,,,,,,,,,,,,,,,,,,,,,,,,,,,,,,,,,,,,,,,,,,,,,,,,,,,,,,,,,,,,,,,38.43420204,,,,,,,,,,,,,,,,,,,,,,,,,,,,,,,,,,,,,,38.43420204
"Activities - Electricity, gas and steam",aelec,,,,,,,,,,,,,,,,,,,,,,,,,,,,,,,,,,,,,,,,,,,,,,,,,,,,,,,,,,,,,,,,,,,,,,,120.3981542,,,,,,,,,,,,,,,,,,,,,,,,,,,,,,,,,,,,,120.3981542
Activities - Water supply and sewage,awatr,,,,,,,,,,,,,,,,,,,,,,,,,,,,,,,,,,,,,,,,,,,,,,,,,,,,,,,,,,,,,,,,,,,,,,,,148.5780757,,,,,,,,,,,,,,,,,,,,,,,,,,,,,,,,,,,,148.5780757
Activities - Construction,acons,,,,,,,,,,,,,,,,,,,,,,,,,,,,,,,,,,,,,,,,,,,,,,,,,,,,,,,,,,,,,,,,,,,,,,,,,2108.739443,,,,,,,,,,,,,,,,,,,,,,,,,,,,,,,,,,,2108.739443
Activities - Wholesale and retail trade,atrad,,,,,,,,,,,,,,,,,,,,,,,,,,,,,,,,,,,,,,,,,,,,,,,,,,,,,,,,,,,,,,,,,,,,,,,,,,1404.260493,,,,,,,,,,,,,,,,,,,,,,,,,,,,,,,,,,1404.260493
Activities - Transportation and storage,atran,,,,,,,,,,,,,,,,,,,,,,,,,,,,,,,,,,,,,,,,,,,,,,,,,,,,,,,,,,,,,,,,,,,,,,,,,,,600.388095,,,,,,,,,,,,,,,,,,,,,,,,,,,,,,,,,600.388095
Activities - Accommodation and food services,ahotl,,,,,,,,,,,,,,,,,,,,,,,,,,,,,,,,,,,,,,,,,,,,,,,,,,,,,,,,,,,,,,,,,,,,,,,,,,,,291.036916,,,,,,,,,,,,,,,,,,,,,,,,,,,,,,,,291.036916
Activities - Information and communication,acomm,,,,,,,,,,,,,,,,,,,,,,,,,,,,,,,,,,,,,,,,,,,,,,,,,,,,,,,,,,,,,,,,,,,,,,,,,,,,,269.6576585,,,,,,,,,,,,,,,,,,,,,,,,,,,,,,,269.6576585
Activities - Finance and insurance,afsrv,,,,,,,,,,,,,,,,,,,,,,,,,,,,,,,,,,,,,,,,,,,,,,,,,,,,,,,,,,,,,,,,,,,,,,,,,,,,,,176.8897234,,,,,,,,,,,,,,,,,,,,,,,,,,,,,,176.8897234
Activities - Real estate activities,areal,,,,,,,,,,,,,,,,,,,,,,,,,,,,,,,,,,,,,,,,,,,,,,,,,,,,,,,,,,,,,,,,,,,,,,,,,,,,,,,849.5172041,,,,,,,,,,,,,,,,,,,,,,,,,,,,,849.5172041
Activities - Business services,absrv,,,,,,,,,,,,,,,,,,,,,,,,,,,,,,,,,,,,,,,,,,,,,,,,,,,,,,,,,,,,,,,,,,,,,,,,,,,,,,,,100.2697985,,,,,,,,,,,,,,,,,,,,,,,,,,,,100.2697985
Activities - Public administration,apadm,,,,,,,,,,,,,,,,,,,,,,,,,,,,,,,,,,,,,,,,,,,,,,,,,,,,,,,,,,,,,,,,,,,,,,,,,,,,,,,,,307.8018254,,,,,,,,,,,,,,,,,,,,,,,,,,,307.8018254
Activities - Education,aeduc,,,,,,,,,,,,,,,,,,,,,,,,,,,,,,,,,,,,,,,,,,,,,,,,,,,,,,,,,,,,,,,,,,,,,,,,,,,,,,,,,,198.5189026,,,,,,,,,,,,,,,,,,,,,,,,,,198.5189026
Activities - Health and social work,aheal,,,,,,,,,,,,,,,,,,,,,,,,,,,,,,,,,,,,,,,,,,,,,,,,,,,,,,,,,,,,,,,,,,,,,,,,,,,,,,,,,,,72.10092691,,,,,,,,,,,,,,,,,,,,,,,,,72.10092691
Activities - Other services,aosrv,,,,,,,,,,,,,,,,,,,,,,,,,,,,,,,,,,,,,,,,,,,,,,,,,,,,,,,,,,,,,,,,,,,,,,,,,,,,,,,,,,,,176.3536297,,,,,,,,,,,,,,,,,,,,,,,,176.3536297
Commodities - Maize,cmaiz,40.22380229,,,,,,,,,,,,,22.9730628,8.334799864,9.462935082,,,,64.6114657,,,0.031746812,,,,,,,,,,,4.229348653,,,,,,,,,,,,,,,,,,,,,,,,,,,,,,,,,,,,,,,,,,,,,,,,,,,,,,,,,,13.62812518,12.68390651,26.09896377,12.51493893,11.35295035,1.739127256,2.050581651,1.550788986,2.407042349,4.75346242,,,,,,,238.6470486
Commodities - Rice,crice,,2.515979727,,,,,,,,,,,,2.967592317,,1.194065874,,,,1.79440273,,,,,,,,,,,,,,,,,,,,,,,,,,,,,,,,,,,,,,,,,,,,,,,,,,,,,,,,,,,,,,,,,,,,,,,,1.200092219,1.786689625,0.834786103,0.717634837,0.599868961,0.343573198,0.287098062,0.216190056,0.421803283,0.703980033,,,,,,,15.58375703
Commodities - Other cereals,cocer,,,73.68052489,,,,,,,,,,,123.8034484,,44.24963462,,,,122.1063017,6.57409245,0.008830147,,,,,,,,,,,,5.945326494,,,,,,,,,,,,,,,,,,,,,,,,,,,,,,,,,,,,,,,,,,,,,,,,,,,,,,,,,,5.194243325,8.043857622,8.909085343,16.67960559,16.06667861,15.38937787,26.27769961,31.84673095,60.45537438,150.2777783,,,,,,,715.5085903
Commodities - Pulses,cpuls,,,,20.24569402,,,,,,,,,,,,,,,,,,,,,,,,,,,,,,2.580744834,,,,,,,,,,,,,,,,,,,,,,,,,,,,,,,,,,,,,,,,,,,,,,,,,,,,,,,,,,17.5600207,29.22721306,39.41534189,43.06686668,43.00816276,6.532395146,8.983300538,8.387561521,19.63422777,42.58055412,,,,,,5.129861563,286.3519446
Commodities - Oilseeds,coils,,,,,1.734052013,,,,,,,,,,,,,,,3.476209156,,,0.019999697,0.006090111,,,,,,,,,,,,,,,,,,,,,,,,,,,,,,,,,,,,,,,,,,,,,,,,,,,,,,,,,,,,,,,,,,,,0.844554154,1.684952143,2.814962764,2.81292585,4.879526201,0.319655687,0.25388851,0.233319121,1.002009107,5.902220029,,,,,,57.33158436,83.3159489
Commodities - Roots,croot,,,,,,12.72078623,,,,,,,,,,,,,,,,,,,,,,,,,,,,,,,,,,,,,,,,,,,,,,,,,,,,,,,,,,,,,,,,,,,,,,,,,,,,,,,,,,,,,,8.813424259,9.220257531,18.20432391,14.96115104,14.15109191,1.961341553,2.617996308,2.351407031,4.581806099,9.490599081,,,,,,1.153349547,100.2275345
Commodities - Vegetables,cvege,,,,,,,2.117168528,,,,,,,,,,,,,0.528267538,,,,,,,,,,,,,,1.064366944,,,,,,,,,,,,,,,,,,,,,,,,,,,,,,,,,,,,,,,,,,,,,,,,,,,,,,,,,,13.24322998,16.34018147,26.97849731,25.26956935,24.50462576,3.579747494,5.191489403,4.970837544,11.17551708,29.63340679,,,,,,6.700496202,171.2974014
Commodities - Sugarcane,csugr,,,,,,,,2.617628939,,,,,,,,,,,,6.930714884,,,,,,,,,,,,,,,,,,,,,,,,,,,,,,,,,,,,,,,,,,,,,,,,,,,,,,,,,,,,,,,,,,,,,,,,0.037101934,0.040559542,0.059154058,0.049633454,0.049244181,0.001374817,0.002733735,0.006117309,0.009309781,0.028871189,,,,,,,9.832443821
Commodities - Tobacco,ctoba,,,,,,,,,0.004980126,,,,,,,,,,,,0.242512146,,,,,,,,,,,,,,,,,,,,,,,,,,,,,,,,,,,,,,,,,,,,,,,,,,,,,,,,,,,,,,,,,,,,,,,,,,,,,,,,,,,,,,,0.247492272
Commodities - Cotton and fibres,ccott,,,,,,,,,,0.210380936,,,,,,,,,,,,3.132399799,,0.004090953,0.017507518,,,3.35768E-05,,,,,,,,,,,,,,,,,,,,,,,,,,,,,,,,,,,,,,,,,,,,,,,,,,,,,,,,,,,,,,,,0.007336689,0.008977635,0.008865115,0.011990549,0.030486742,0.00027739,0.002355935,0.001675609,0.005913858,0.013853029,,,,,,,3.456145334
Commodities - Fruits and nuts,cfrui,,,,,,,,,,,0.644294743,,,,,,,,,5.007345271,0.048962254,,,,,,,,,,,,,2.094880391,,,,,,,,,,,,,,,,,,,,,,,,,,,,,,,,,,,,,,,,,,,,,,,,,,,,,,,,,,0.267846404,1.01301617,1.479647659,1.823209051,2.201316082,0.408132077,0.841342093,0.874455838,2.187108809,10.08982717,,,,,,1.058702768,30.04008678
"Commodities - Coffee, tea and cocoa",ccoff,,,,,,,,,,,,25.86335828,,,,,,,,22.28196041,,,,,,,,,,,,,,0.352369552,,,,,,,,,,,,,,,,,,,,,,,,,,,,,,,,,,,,,,,,,,,,,,,,,,,,,,,,,,13.97879712,18.17318264,28.60851236,27.46694549,24.37618042,2.287204487,2.736967759,2.733783986,5.949875957,12.1142434,,,,,,80.58483137,267.5082132
Commodities - Other crops,cocrp,,,,,,,,,,,,,1.929587741,,,,,,,0.158389184,1.711830789,,,,,,,,,,,,,2.379847604,,,,,,,,,,,,,,,,,,,,,,,,,,,,,,,,,,,,,,,,,,,,,,,,,,,,,,,,,,3.537251414,10.39968916,11.97506384,12.32969631,13.05154137,0.201482577,0.276546712,0.376396427,0.824722357,4.408532013,,,,,,15.91969802,79.48027553
Commodities - Cattle and raw milk,ccatt,,,,,,,,,,,,,,0.338609057,,,,,,28.02015054,,,,,,,,0.006446411,,,,,,9.893753624,,,,,,,,,,,,,,,,,,,,,,,,,,,,,,,,,,,,,,,,,,,,,,,,,,,,,,,,,,15.55229275,22.53231433,27.81960039,57.72480633,121.2118424,5.998245832,11.22862963,11.84291114,33.77163089,127.7874245,,,,,,0.681904278,474.4105621
Commodities - Poultry and eggs,cpoul,,,,,,,,,,,,,,,,,,,,0.036611696,,,,,,,,,,,,,,3.119122807,,,,,,,,,,,,,,,,,,,,,,,,,,,,,,,,,,,,,,,,,,,,,,,,,,,,,,,,,,0.022243417,0.181968619,0.338994553,1.565499544,3.081972873,0.210970293,0.56217527,0.730359649,2.171138657,10.99754154,,,,,,,23.01859892
Commodities - Other livestock,coliv,,,,,,,,,,,,,,,,,,,,0.274116972,,,,,,0.002105704,,0.013039618,,,,,,,,,,,,,,,,,,,,,,,,,,,,,,,,,,,,,,,,,,,,,,,,,,,,,,,,,,,,,,,,1.844027879,6.184159787,6.504182425,14.15156063,37.51370791,1.251148099,3.541096427,3.842545988,12.64332599,110.5195638,,,,,,0.548032725,198.832614
Commodities - Forestry,cfore,,,,,,,,,,,,,,,,,,,,0.549945895,0.123592467,0.02214889,0.890855074,0.006649278,6.642202412,0.015127197,,0.592195919,,,,,,5.886083036,,,,,,,,,,,,,,,,,,,,,,,,,,,,,,,,,,,,,,,,,,,,,,,,,,,,,,,,,,28.48588643,43.41031603,64.50605978,53.0221443,42.8606255,3.346572311,4.994904173,4.804849466,10.33898143,26.30453714,,,,,,0.052254504,296.8559312
Commodities - Fisheries,cfish,,,,,,,,,,,,,,,,,,,,,,,,,,,,,,,,,,,,,,,,,,,,,,,,,,,,,,,,,,,,,,,,,,,,,,,,,,,,,,,,,,,,,,,,,,,,,,,,,0.622217158,0.708006033,,3.701644435,34.69211041,,,,,,,39.72397803
Commodities - Mining,cmine,,,,,,,,,,,,,,0.002025663,,,,,,0.145960183,0.026075236,0.006139282,0.01530439,0.068924302,4.186328163,8.913994423,,0.000150199,,,44.65613859,,,,,,,,,,,,,,,,,,,,,,,,,,,,,,,,,,,,,,,,,,,,,,,,,,,,,,,,,,,,,,,,,,,,,,,,,,,,1.339126045,59.36016648
Commodities - Processed foods,cfood,,,,,,,,,,,,,,1.953786679,0.24779618,2.372541102,,,,32.87386613,7.824194982,2.550387178,0.01935311,0.971067545,,,,0.098825395,,,,,,42.92249361,,,,,5.631637641,,1.2934903,,,,,,,,,,,,,,,,,,,,,,,,,,,,,,,,,,,,,,,,,,,,,,,,,,,53.91881857,77.07644264,93.49397624,88.96708162,71.30208807,7.32198968,8.4062922,7.939811368,17.36591048,45.36344429,,,,,,24.50408122,594.4193762
Commodities - Beverage and tobacco,cbeve,,,,,,,,,,,,,,,,,,,,0.05225844,0.178540206,,,,,,,,,,,,,31.50850428,,,,,,,,,,,,,,,,,,,,,,,,,,,,,,,,,,,,,,,,,,,,,,,,,,,,,,,,,,5.748333779,14.51935472,11.97234711,18.46446175,27.38424433,0.413551535,0.803636198,1.015644847,3.147205906,23.13788573,,,,,,0.102490894,138.4484597
"Commodities - Textiles, clothing and footwear",ctext,,,,,,,,,,,,,,,,,,,,0.660545908,,26.08866093,1.338501714,0.234661644,0.011670636,0.004500088,0.097550855,0.346161987,,,,,5.125449682,,,0.190635137,,0.104447469,,,,1.36370649,,,,,,,,,,,,,,,,,,,,,,,,,,,,,,,,,,,,,,,,,,,,,,,,,,7.414339707,12.29919189,17.65665934,15.21420425,15.31448687,1.546310384,2.279767039,2.20119444,5.567865943,20.08693157,,,,,,21.35627314,156.5037171
Commodities - Wood and paper products,cwood,,,,,,,,,,,,,,,,,,,,0.496654459,,0.018453315,1.976112707,0.274755714,,0.048573799,0.000936317,1.567360688,1.981357823,2.128796719,,29.555639,40.00953177,0.697093974,6.58291E-05,5.710872739,,0.323873319,9.577742276,11.83331697,0.986983281,4.291083335,,,,,,,,,,,,,,,,,,,,,,,,,,,,,,,,,,,,,,,,,,,,,,,,,,1.724629674,2.321386332,3.366934433,2.513242761,3.007158706,0.636265051,0.777544959,0.690841974,1.613293046,6.761782443,,,,,,,134.8922834
Commodities - Chemicals and petroleum,cchem,26.905134,0.621321671,31.55155866,1.834085779,0.819663054,1.78311374,1.567658559,0.585376425,0.002181751,0.045843896,0.789586719,22.15695945,1.926660525,,,6.080269994,,,5.062364861,17.18920953,12.32618043,6.331735989,3.178496292,24.84403707,7.288367511,7.847311517,2.442696282,2.635988947,4.5797057,5.547415664,32.36797411,0.575737371,152.5795273,,7.607267195,0.339894288,,0.166593806,8.978407787,0.472820504,12.60654323,2.18313293,,,,,,,,,,,,,,,,,,,,,,,,,,,,,,,,,,,,,,,,,,,,,,,,,,10.10920496,13.10909725,25.72145536,21.0516451,16.11704063,1.440784273,2.241766144,2.300243261,5.696861841,18.0454916,,,,,,,529.6544129
Commodities - Non-metal minerals,cnmet,,,,,,,,,,,,,,,,,,,,,,0.000184485,0.000454067,0.056075933,0.815412283,0.171096311,0.065565857,0.014732952,,,79.2480758,,,,,,,,,,,,,,,,,,,,,,,,,,,,,,,,,,,,,,,,,,,,,,,,,,,,,,,,,,,,,1.038693347,1.980844343,3.2891765,3.589047836,3.846219759,0.128654119,0.25818046,0.284043201,0.871827682,4.211401477,,,,,,,99.86968641
Commodities - Metals and metal products,cmetl,,,,,,,,,,,,,,,,,,,,0.076580213,0.755068288,0.18121238,0.285668733,0.089402955,0.691726988,44.63216168,4.959251645,1.967912697,,,155.2589636,,7.429522408,,,,,,,,,,,,,,,,,,,,,,,,,,,,,,,,,,,,,,,,,,,,,,,,,,,,,,,,,,,1.831337146,5.166608237,5.955224025,6.567831437,10.26617335,0.178892348,0.34889334,0.367150321,0.99677524,7.661756495,,,,,8.651258067,,264.3193716
"Commodities - Machinery, equipment and vehicles",cmach,,,,,,,,,,,,,,,,,,,,8.596754372,1.489144666,1.848022515,0.137910511,1.004900972,1.950716203,2.49305311,1.997477337,0.299200481,35.20446618,35.58526514,101.3244798,,,,,1.80691745,,,,,0.010375836,,,,,,,,,,,,,,,,,,,,,,,,,,,,,,,,,,,,,,,,,,,,,,,,,,,1.295983379,2.102824648,2.740626794,3.288739744,11.8260551,0.286408462,0.752416201,0.934372951,3.233186738,62.31412878,,,,,43.2942169,,325.8176443
Commodities - Other manufacturing,coman,,,,,,,,,,,,,,,,,,,0.379014426,,1.33455995,5.486530649,0.012482479,,0.000103099,1.227301459,,0.794074731,4.378135749,6.824117045,11.67223675,,,,4.167132973,0.009304676,,0.49980176,3.150497193,8.845724365,0.894723292,6.605253485,,,,,,,,,,,,,,,,,,,,,,,,,,,,,,,,,,,,,,,,,,,,,,,,,,0.639547539,1.322748186,1.919152003,1.819910306,2.675245814,0.126484908,0.248220844,0.216801465,0.643788338,3.235744272,,,,,9.98912953,,79.11776728
"Commodities - Electricity, gas and steam",celec,,,,,,,,,,,,,,,,,,,0.28303834,14.42182708,0.623955953,0.565095246,0.155708333,0.352539878,2.760527503,0.912425415,0.284074959,0.257105764,0.761965376,18.1706928,3.767209945,9.817632368,3.237472261,0.987300527,17.15277249,0.684996527,,0.16155519,1.402029411,1.519111807,0.604290585,2.099687571,,,,,,,,,,,,,,,,,,,,,,,,,,,,,,,,,,,,,,,,,,,,,,,,,,0.196081681,0.633717925,0.857225564,1.318470474,2.654666113,2.304377869,2.685135948,2.334130733,5.396448822,21.03488375,,,,,,,120.3981542
Commodities - Water supply and sewage,cwatr,,,,,,,,,,,,,0.049207065,13.65178599,,,,,1.386486064,3.013198109,0.805925568,0.361641391,0.13513068,0.364438849,1.241464209,0.324794599,0.077919657,0.072684433,0.171823258,13.05104889,4.85918123,5.694824722,3.420642207,1.403582103,39.27173184,0.345672414,,0.018883091,1.958708476,1.514020991,0.389137268,0.247327588,,,,,,,,,,,,,,,,,,,,,,,,,,,,,,,,,,,,,,,,,,,,,,,,,,8.509602752,10.81308787,10.99337757,8.50202033,6.690706223,0.830613803,1.044755582,0.974883671,1.989696405,4.398070832,,,,,,,148.5780757
Commodities - Construction,ccons,,,,,,,,,,,,,,,,,,,,,,,,,,,,,0.050281346,,,33.13580436,,,,,365.6630402,0.378337709,24.18931643,,0.08072635,4.959298961,,,,,,,,,,,,,,,,,,,,,,,,,,,,,,,,,,,,,,,,,,,,,,,,,,,,,,,,,,,,,,,,1685.815114,,2114.271919
Commodities - Wholesale and retail trade,ctrad,,,,,,,,,,,,,0.20685579,2.486261675,,,77.06505436,16.20067318,,3.034737208,0.001239647,0.926216296,0.049422481,0.009927158,0.338262996,0.098846587,0.151907839,0.087429443,,20.03073731,69.02236719,,130.2702421,2.072145305,24.40570497,2.098726041,,,16.8891313,16.86150943,0.964479399,,,,,,,,,,,,,,,,,,,,,,,,,,,,,,,,,,,,,,,,,,,,1028.323684,,,,,,,,,,,,,,,,,,,,,,,1411.595562
Commodities - Transportation and storage,ctran,,,,,,,,,,,,,,8.533854099,,,51.87094064,8.131731415,0.481989848,8.347425693,2.69815403,1.567079008,0.234992385,0.590942145,6.596344158,1.320760498,0.367186984,0.403138799,0.487963385,,96.69417712,129.5042124,27.13992152,1.139445902,,1.845957,,0.330832335,6.57965778,1.775722221,0.10765237,4.341851229,,,,,,,,,,,,,,,,,,,,,,,,,,,,,,,,,,,,,,,,,,,-43.02141307,,,,,,,9.423575781,23.44347626,35.05131074,38.87486889,62.63824947,4.781041792,8.047449443,8.478107853,20.61073681,83.46286781,,,,,,247.4360486,860.3182533
Commodities - Accommodation and food services,chotl,,,,,,,,,,,,,,,,,,,,,,,,,,,,,,,,,,,,,,,,,,,,,,,,,,,,,,,,,,,,,,,,,,,,,,,,,,,,,,,,,,,,,,,,,,,,8.44276331,19.47788295,34.95567667,55.62618422,68.23014762,1.076244471,1.862523007,2.382158849,7.335467818,42.46228179,,,,,,61.6711213,303.522452
Commodities - Information and communication,ccomm,,,,,,,,,,,,,,,,,,,,1.661668112,0.171278741,0.426561589,0.054638452,0.123904594,0.354650509,0.50909246,0.119291175,0.128415499,1.311895957,2.071349105,24.66898359,42.10243018,35.73872602,1.44746746,0.010476331,5.554747914,,0.544129652,4.169293615,2.316993104,0.217534097,7.111447944,,,,,,,,,,,,,,,,,,,,,,,,,,,,,,,,,,,,,,,,,,,,,,,,,,4.562513326,8.332065894,10.2945169,13.50878061,19.31873269,4.071253999,6.286900425,5.92251909,13.94379,55.04869424,,,,,,,272.1047433
Commodities - Finance and insurance,cfsrv,,,,,,,,,,,,,,5.348358523,,,10.47053163,1.700554071,0.057359446,0.497759624,0.061898023,0.076773066,0.011071424,0.04843761,0.04225009,1.217946307,0.034020682,0.034944577,51.99003895,4.860631411,32.29707134,27.79685332,9.169693741,2.444057877,0.019809158,4.563076471,14.19991215,0.425292751,2.436118933,3.416218984,0.080013806,5.454488337,,,,,,,,,,,,,,,,,,,,,,,,,,,,,,,,,,,,,,,,,,,,,,,,,,0.392669191,1.31935774,1.412710142,1.724063688,4.952743214,0.33237251,0.616026275,0.668656741,2.037228488,20.44384153,,,,,,0.59556898,213.2504208
Commodities - Real estate activities,creal,,,,,,,,,,,,,,0.432875151,,,,,0.016672324,0.703840651,0.092516953,0.409329304,0.02146394,0.056026533,0.084724856,0.169225632,0.043810552,0.116927899,2.767605377,2.373011918,21.02433033,55.63869724,0.298037078,1.48913749,1.67856394,3.003759958,,0.120224525,1.683830685,5.6154635,0.115485211,1.583673252,,,,,,,,,,,,,,,,,,,,,,,,,,,,,,,,,,,,,,,,,,,,,,,,,,36.62185946,55.89184582,77.18274741,67.89227305,78.8877663,18.03101716,34.55185605,34.37000656,88.21250061,258.3360974,,,,,,,849.5172041
Commodities - Business services,cbsrv,,,,,,,,0.221326061,0.000828968,0.017440496,,0.023243432,0.239681257,1.137211091,,,,,0.15437057,1.045366076,2.24863354,1.308151248,0.06064097,0.360167067,0.246434424,0.513903801,0.202653937,0.086827364,2.446178305,3.244471015,2.282028446,43.0940534,52.34148069,0.157661429,0.03800692,3.841068652,,,1.213837467,2.536885055,0.063922985,,,,,,,,,,,,,,,,,,,,,,,,,,,,,,,,,,,,,,,,,,,,,,,,,,,0.048076194,0.386109107,0.397077679,0.515862359,0.297853187,0.013004358,0.129200486,0.052815416,0.09204356,1.324212587,,,,,,15.72222274,138.1049523
Commodities - Public administration,cpadm,,,,,,,,,,,,,,2.792351771,,,,,,2.580134033,0.025739579,0.113536982,0.006353936,0.023315244,0.032641172,0.190901102,0.007814341,0.036070002,,,,,,0.324361935,,0.554984995,,,,,,,,,,,,,,,,,,,,,,,,,,,,,,,,,,,,,,,,,,,,,,,,,,,,,,,,0.006206013,0.00327339,0.345657947,0.116181102,2.389616365,0.005287876,0.058787735,0.031103704,0.082513375,2.410906465,286.7594514,,,,,8.904634993,307.8018254
Commodities - Education,ceduc,,,,,,,,,,,,,,,,,,,,,,,,,,,,,,0.364398649,,,,,3.567317423,0.006544823,,0.112946193,,,,1.482534312,,,,,,,,,,,,,,,,,,,,,,,,,,,,,,,,,,,,,,,,,,,,,,,,,,0.172801891,0.406954727,0.849956591,0.605249938,0.924811845,1.197393112,1.632851803,1.144013126,3.746294096,10.15414093,172.1506931,,,,,,198.5189026
Commodities - Health and social work,cheal,,,,,,,,,,,,,,,,,,,,,,,,,,,,,0.010428122,,,,,,,,,0.14098971,,,,1.849153946,,,,,,,,,,,,,,,,,,,,,,,,,,,,,,,,,,,,,,,,,,,,,,,,,,1.496436703,2.995572597,4.352813524,3.697926017,4.832824927,0.41206084,0.567273338,0.523449744,1.45044315,5.010201174,44.76135312,,,,,,72.10092691
Commodities - Other services,cosrv,,,,,,,,,,,,,,6.015351316,,3.036435344,,,0.096940398,0.000427553,,,,,,,,,1.903413317,0.148972423,11.89016811,67.10152305,12.97783227,,,9.900299632,,0.391777731,11.97810091,1.25501142,0.505516343,5.127503733,,,,,,,,,,,,,,,,,,,,,,,,,,,,,,,,,,,,,,,,,,,,,,,,,,1.568740844,4.554263323,5.716274689,6.065556332,10.48232179,0.365987656,0.706423921,0.657567547,2.01589908,11.89132094,,,,,,,176.3536297
Transaction costs,trc,,,,,,,,,,,,,,,,,,,,,,,,,,,,,,,,,,,,,,,,,,,48.29141078,2.361007141,96.71683393,55.13205232,16.11540051,51.17806012,65.13393601,3.190796972,0.035156286,0.254758844,12.63877814,112.9831022,30.4572176,80.81718054,1.586739468,7.927322257,38.74759921,7.247231718,12.25061749,77.65542592,11.44281847,25.74424671,5.43699555,105.2119462,18.85811153,49.07605233,38.56124507,10.25022778,,,,,,,,,,,,,,,,,,,,,,,,,,,,,,,,,,,,,,985.3022711
Factors - Labor - Low (not finished primary schooling),flab-n,222.0271983,5.507715608,360.3919856,155.1744482,30.5754915,91.76687696,85.40484639,1.517266148,0.067481775,1.278631024,10.13646702,39.01377822,40.51660221,73.029599,4.730069302,59.63460856,47.09849156,0.221501591,9.372500345,9.712695612,3.895757456,6.227372527,4.375894204,1.527060201,2.779486067,2.923412913,2.463352379,2.596895409,0.709962741,0.756916284,142.2862142,125.0259544,20.00132542,3.262143383,32.44360329,1.161820429,2.288090319,4.222135342,17.27941129,7.682281242,9.552917734,36.10479478,,,,,,,,,,,,,,,,,,,,,,,,,,,,,,,,,,,,,,,,,,,,,,,,,,,,,,,,,,,,,,,,,0.002887988,1676.747945
"Factors - Labor - Medium (finished primary, but not finished secondary schooling)",flab-p,17.55280911,0.466358921,30.71137169,11.67363741,2.327026558,7.442203236,6.837625106,0.115475449,0.005135874,0.097313508,0.939674894,2.96924411,3.265896297,1.496969619,0.12765546,0.434809195,4.438505476,1.075358215,0.230394438,5.239616688,1.741587078,3.935256647,2.04221442,0.672654823,1.399978557,0.80034146,0.229494025,4.378707772,0.487601445,0.518806739,99.30787296,19.59975387,14.63038226,26.55402637,12.03555536,5.365768145,1.629096093,3.006115682,11.88512556,8.016555849,2.033410042,8.962095461,,,,,,,,,,,,,,,,,,,,,,,,,,,,,,,,,,,,,,,,,,,,,,,,,,,,,,,,,,,,,,,,,0.000562665,326.6800446
Factors - Labor - High (finished secondary and/or tertiary schooling),flab-s,1.258982891,0.030808366,2.01324294,0.87592483,0.174607131,0.517795105,0.483107927,0.008664636,0.000385367,0.007301864,0.055588398,0.222795565,0.228887809,1.47734354,0.097213001,0.689505969,2.769707633,0.657870214,0.633758748,1.643753755,1.329479125,2.318414415,2.391636571,0.550501866,0.447921068,1.191763169,0.215188595,1.082518916,1.850203503,1.971895039,75.19636403,17.28594769,9.574250269,28.30375405,14.63428907,41.04702478,18.69023728,34.48845997,40.4033134,64.24292534,30.83345836,10.52041362,,,,,,,,,,,,,,,,,,,,,,,,,,,,,,,,,,,,,,,,,,,,,,,,,,,,,,,,,,,,,,,,,0.000710338,412.4179161
Factors - Agricultural land,flnd,60.47740066,4.136264526,125.124239,132.6669456,47.9203716,64.16820452,44.94553649,1.562990697,0.070665849,1.348533263,9.395447099,66.66980328,41.72114382,,,,,,,,,,,,,,,,,,,,,,,,,,,,,,,,,,,,,,,,,,,,,,,,,,,,,,,,,,,,,,,,,,,,,,,,,,,,,,,,,,,,,,,,,,,,,,,600.2075464
Factors - Capital,fcap,12.95975711,0.373287145,23.60514667,8.205579159,1.699530406,5.554839546,5.365728088,0.083090115,0.004773199,0.161659315,1.967658915,40.39997106,5.424959763,360.3997072,13.66962972,116.6196273,123.5315493,4.488197369,18.54307575,76.63997076,35.38211239,21.03402011,22.34303532,13.34811255,30.15367142,32.24452688,6.807352833,20.81641257,9.305127678,30.92954957,1100.915606,798.3314301,76.44405806,108.7778964,112.6253617,88.85765134,447.046828,54.8334023,138.3956653,60.61434181,10.76026643,72.06618269,,,,,,,,,,,,,,,,,,,,,,,,,,,,,,,,,,,,,,,,,,,,,,,,,,,,,,,,,,,,,,,,,1.416872946,4113.147222
Enterprises,ent,,,,,,,,,,,,,,,,,,,,,,,,,,,,,,,,,,,,,,,,,,,,,,,,,,,,,,,,,,,,,,,,,,,,,,,,,,,,,,,,,,,,,,,,,,3489.266816,,,,,,,,,,,,,,,,,,3489.266816
Households - Rural (quintile 1),hhd-r1,,,,,,,,,,,,,,,,,,,,,,,,,,,,,,,,,,,,,,,,,,,,,,,,,,,,,,,,,,,,,,,,,,,,,,,,,,,,,,,,,,,,,,234.0097244,22.97684304,5.348275848,96.75262587,97.28824564,44.99873675,,,,,,,,,,,,,,,,17.08907326,518.4635248
Households - Rural (quintile 2),hhd-r2,,,,,,,,,,,,,,,,,,,,,,,,,,,,,,,,,,,,,,,,,,,,,,,,,,,,,,,,,,,,,,,,,,,,,,,,,,,,,,,,,,,,,,298.9450675,31.21708813,11.67510185,123.3773787,124.0619888,104.8935212,,,,,,,,,,,,,,,,30.92254709,725.0926933
Households - Rural (quintile 3),hhd-r3,,,,,,,,,,,,,,,,,,,,,,,,,,,,,,,,,,,,,,,,,,,,,,,,,,,,,,,,,,,,,,,,,,,,,,,,,,,,,,,,,,,,,,382.4160183,45.67762711,18.8215804,153.2635876,151.9841327,213.9114198,,,,,,,,,,,,,,,,52.89153542,1018.965901
Households - Rural (quintile 4),hhd-r4,,,,,,,,,,,,,,,,,,,,,,,,,,,,,,,,,,,,,,,,,,,,,,,,,,,,,,,,,,,,,,,,,,,,,,,,,,,,,,,,,,,,,,345.3206754,47.04846379,26.14265254,134.8103061,132.7969189,250.9283291,,,,,,,,,,,,,,,,58.59836944,995.6457153
Households - Rural (quintile 5),hhd-r5,,,,,,,,,,,,,,,,,,,,,,,,,,,,,,,,,,,,,,,,,,,,,,,,,,,,,,,,,,,,,,,,,,,,,,,,,,,,,,,,,,,,,,222.9684997,35.1806521,43.71991616,78.46814067,76.9194871,608.7927945,,,,,,,,,,,,,,,,82.66837389,1148.717864
Households - Urban (quintile 1),hhd-u1,,,,,,,,,,,,,,,,,,,,,,,,,,,,,,,,,,,,,,,,,,,,,,,,,,,,,,,,,,,,,,,,,,,,,,,,,,,,,,,,,,,,,,19.51429971,10.61826664,3.726387801,0.960346347,0.953993953,63.03175548,,,,,,,,,,,,,,,,9.04206378,107.8471137
Households - Urban (quintile 2),hhd-u2,,,,,,,,,,,,,,,,,,,,,,,,,,,,,,,,,,,,,,,,,,,,,,,,,,,,,,,,,,,,,,,,,,,,,,,,,,,,,,,,,,,,,,24.05552295,12.34184984,8.901710013,2.29790771,2.282232621,110.2741778,,,,,,,,,,,,,,,,13.32682729,173.4802283
Households - Urban (quintile 3),hhd-u3,,,,,,,,,,,,,,,,,,,,,,,,,,,,,,,,,,,,,,,,,,,,,,,,,,,,,,,,,,,,,,,,,,,,,,,,,,,,,,,,,,,,,,24.28623176,19.31586408,18.17972275,2.004750205,1.991802015,101.6027927,,,,,,,,,,,,,,,,9.220886174,176.6020497
Households - Urban (quintile 4),hhd-u4,,,,,,,,,,,,,,,,,,,,,,,,,,,,,,,,,,,,,,,,,,,,,,,,,,,,,,,,,,,,,,,,,,,,,,,,,,,,,,,,,,,,,,47.93414637,29.9393524,54.63226412,3.908242515,3.881796696,264.1056124,,,,,,,,,,,,,,,,22.3526652,426.7540797
Households - Urban (quintile 5),hhd-u5,,,,,,,,,,,,,,,,,,,,,,,,,,,,,,,,,,,,,,,,,,,,,,,,,,,,,,,,,,,,,,,,,,,,,,,,,,,,,,,,,,,,,,77.29775879,72.36403743,221.2703047,4.364260745,4.334346241,1039.115437,,,,,,,,,,,,,,,,80.91380512,1499.65995
Government,gov,,,,,,,,,,,,,,,,,,,,,,,,,,,,,,,,,,,,,,,,,,,,,,,,,,,,,,,,,,,,,,,,,,,,,,,,,,,,,,,,,,,,,,,,,,,33.77418038,0.000884453,0.001711765,0.002637821,0.002778489,0.007035859,0.002237743,0.004311945,0.006084109,0.0158653,0.062554018,,98.6094299,108.4873317,180.0621156,,52.06919256,473.1083516
Taxes - Direct (personal or corporate),dtax,,,,,,,,,,,,,,,,,,,,,,,,,,,,,,,,,,,,,,,,,,,,,,,,,,,,,,,,,,,,,,,,,,,,,,,,,,,,,,,,,,,,,,,,,,,71.90312209,2.043031943,2.856934024,4.017355827,3.920888247,4.51685742,0.424012404,0.681936706,0.694169251,1.676533119,5.874588869,,,,,,,98.6094299
Taxes - Imports (products),mtax,,,,,,,,,,,,,,,,,,,,,,,,,,,,,,,,,,,,,,,,,,,,,2.09641026,1.989162263,,,0.019276082,,,,0.126101876,,0.048990551,,0.00459444,0.010587496,0.008997547,,0.444872089,9.691491979,0.75906385,10.36658108,7.685843714,27.06783029,1.645262587,15.57418017,27.58037586,3.36770953,,,,,,,,,,,,,,,,,,,,,,,,,,,,,,,,,,,,,,108.4873317
"Taxes - Sales, excise and/or value-added (products)",stax,,,,,,,,,,,,,,,,,,,,,,,,,,,,,,,,,,,,,,,,,,,0.00282408,0.000112195,0.005244743,0.006974798,0.010476934,0.008126495,0.006007479,0.083738709,0.003165261,0.046202348,0.017880028,0.015129036,0.010824764,0.003071134,0.001670916,0.000172993,0.008248883,0.000860261,3.224314703,12.79120825,42.7422822,8.848782293,35.94977479,2.998624708,6.362873692,6.1661627,31.35914824,14.2113154,,,,7.335068332,4.692956245,0.255726758,2.447084823,0.275135436,,0.170925984,,,,,,,,,,,,,,,,,,,,,,,,,,,,180.0621156
Savings-investment,s-i,,,,,,,,,,,,,,,,,,,,,,,,,,,,,,,,,,,,,,,,,,,,,,,,,,,,,,,,,,,,,,,,,,,,,,,,,,,,,,,,,,,,,,,,,,,581.8537896,80.40868346,111.6154669,160.9186355,149.3461877,162.8565422,15.34255017,24.51204055,24.91067541,58.91753564,186.0014924,-30.56314599,,,,,221.6292646,1747.749718
Rest of world,row,,,,,,,,,,,,,,,,,,,,,,,,,,,,,,,,,,,,,,,,,,,,,30.05571764,5.100232779,,,0.406977497,,0.052737815,,0.335085749,,0.237382305,,0.097192787,0.142321241,0.156305803,,6.742396635,49.87111824,1.791263252,26.59995363,46.03058065,348.7873268,4.921046758,85.72981027,207.7493288,12.85431253,,,5.532476009,,255.2372021,12.2298092,,36.08556195,,37.66422782,,,,,,,,,,27.38546172,0.081146406,0.081003479,0.113286126,0.159203857,0.155553167,0.179456823,0.016847945,0.027100899,0.027588274,0.066664735,0.234239677,,,,,,,1202.937921
Total,total,381.4050844,13.65173596,647.0780694,330.676315,85.25074226,183.9538193,146.7216711,6.71181847,0.15643291,3.167104303,23.92871779,197.3191534,95.50948228,628.8401939,27.20716353,243.7744331,317.2447806,32.47588606,36.69796556,444.4101318,81.71303195,84.94415339,39.7890887,45.588685,68.08239184,107.7731661,20.56754625,38.43420204,120.3981542,148.5780757,2108.739443,1404.260493,600.388095,291.036916,269.6576585,176.8897234,849.5172041,100.2697985,307.8018254,198.5189026,72.10092691,176.3536297,238.6470486,15.58375703,715.5085903,286.3519446,83.3159489,100.2275345,171.2974014,9.832443821,0.247492272,3.456145334,30.04008678,267.5082132,79.48027553,474.4105621,23.01859892,198.832614,296.8559312,39.72397803,59.36016648,594.4193762,138.4484597,156.5037171,134.8922834,529.6544129,99.86968641,264.3193716,325.8176443,79.11776728,120.3981542,148.5780757,2114.271919,1411.595562,860.3182533,303.522452,272.1047433,213.2504208,849.5172041,138.1049523,307.8018254,198.5189026,72.10092691,176.3536297,985.3022711,1676.747945,326.6800446,412.4179161,600.2075464,4113.147222,3489.266816,518.4635248,725.0926933,1018.965901,995.6457153,1148.717864,107.8471137,173.4802283,176.6020497,426.7540797,1499.659951,473.1083516,98.6094299,108.4873317,180.0621156,1747.749718,1202.937921,45966.71604
,,,,,,,,,,,,,,,,,,,,,,,,,,,,,,,,,,,,,,,,,,,,,,,,,,,,,,,,,,,,,,,,,,,,,,,,,,,,,,,,,,,,,,,,,,,,,,,,,,,,,,,,,,,,,
,,,,,,,,,,,,,,,,,,,,,,,,,,,,,,,,,,,,,,,,,,,,,,,,,,,,,,,,,,,,,,,,,,,,,,,,,,,,,,,,,,,,,,,,,,,,,,,,,,,,,,,,,,,,,
,,,,,,,,,,,,,,,,,,,,,,,,,,,,,,,,,,,,,,,,,,,,,,,,,,,,,,,,,,,,,,,,,,,,,,,,,,,,,,,,,,,,,,,,,,,,,,,,,,,,,,,,,,,,,
,,,,,,,,,,,,,,,,,,,,,,,,,,,,,,,,,,,,,,,,,,,,,,,,,,,,,,,,,,,,,,,,,,,,,,,,,,,,,,,,,,,,,,,,,,,,,,,,,,,,,,,,,,,,,
,,,,,,,,,,,,,,,,,,,,,,,,,,,,,,,,,,,,,,,,,,,,,,,,,,,,,,,,,,,,,,,,,,,,,,,,,,,,,,,,,,,,,,,,,,,,,,,,,,,,,,,,,,,,,
,,,,,,,,,,,,,,,,,,,,,,,,,,,,,,,,,,,,,,,,,,,,,,,,,,,,,,,,,,,,,,,,,,,,,,,,,,,,,,,,,,,,,,,,,,,,,,,,,,,,,,,,,,,,,
,,,,,,,,,,,,,,,,,,,,,,,,,,,,,,,,,,,,,,,,,,,,,,,,,,,,,,,,,,,,,,,,,,,,,,,,,,,,,,,,,,,,,,,,,,,,,,,,,,,,,,,,,,,,,
,,,,,,,,,,,,,,,,,,,,,,,,,,,,,,,,,,,,,,,,,,,,,,,,,,,,,,,,,,,,,,,,,,,,,,,,,,,,,,,,,,,,,,,,,,,,,,,,,,,,,,,,,,,,,
,,,,,,,,,,,,,,,,,,,,,,,,,,,,,,,,,,,,,,,,,,,,,,,,,,,,,,,,,,,,,,,,,,,,,,,,,,,,,,,,,,,,,,,,,,,,,,,,,,,,,,,,,,,,,
,,,,,,,,,,,,,,,,,,,,,,,,,,,,,,,,,,,,,,,,,,,,,,,,,,,,,,,,,,,,,,,,,,,,,,,,,,,,,,,,,,,,,,,,,,,,,,,,,,,,,,,,,,,,,
,,,,,,,,,,,,,,,,,,,,,,,,,,,,,,,,,,,,,,,,,,,,,,,,,,,,,,,,,,,,,,,,,,,,,,,,,,,,,,,,,,,,,,,,,,,,,,,,,,,,,,,,,,,,,
,,,,,,,,,,,,,,,,,,,,,,,,,,,,,,,,,,,,,,,,,,,,,,,,,,,,,,,,,,,,,,,,,,,,,,,,,,,,,,,,,,,,,,,,,,,,,,,,,,,,,,,,,,,,,
,,,,,,,,,,,,,,,,,,,,,,,,,,,,,,,,,,,,,,,,,,,,,,,,,,,,,,,,,,,,,,,,,,,,,,,,,,,,,,,,,,,,,,,,,,,,,,,,,,,,,,,,,,,,,
,,,,,,,,,,,,,,,,,,,,,,,,,,,,,,,,,,,,,,,,,,,,,,,,,,,,,,,,,,,,,,,,,,,,,,,,,,,,,,,,,,,,,,,,,,,,,,,,,,,,,,,,,,,,,
,,,,,,,,,,,,,,,,,,,,,,,,,,,,,,,,,,,,,,,,,,,,,,,,,,,,,,,,,,,,,,,,,,,,,,,,,,,,,,,,,,,,,,,,,,,,,,,,,,,,,,,,,,,,,
,,,,,,,,,,,,,,,,,,,,,,,,,,,,,,,,,,,,,,,,,,,,,,,,,,,,,,,,,,,,,,,,,,,,,,,,,,,,,,,,,,,,,,,,,,,,,,,,,,,,,,,,,,,,,
,,,,,,,,,,,,,,,,,,,,,,,,,,,,,,,,,,,,,,,,,,,,,,,,,,,,,,,,,,,,,,,,,,,,,,,,,,,,,,,,,,,,,,,,,,,,,,,,,,,,,,,,,,,,,
,,,,,,,,,,,,,,,,,,,,,,,,,,,,,,,,,,,,,,,,,,,,,,,,,,,,,,,,,,,,,,,,,,,,,,,,,,,,,,,,,,,,,,,,,,,,,,,,,,,,,,,,,,,,,
,,,,,,,,,,,,,,,,,,,,,,,,,,,,,,,,,,,,,,,,,,,,,,,,,,,,,,,,,,,,,,,,,,,,,,,,,,,,,,,,,,,,,,,,,,,,,,,,,,,,,,,,,,,,,
,,,,,,,,,,,,,,,,,,,,,,,,,,,,,,,,,,,,,,,,,,,,,,,,,,,,,,,,,,,,,,,,,,,,,,,,,,,,,,,,,,,,,,,,,,,,,,,,,,,,,,,,,,,,,
,,,,,,,,,,,,,,,,,,,,,,,,,,,,,,,,,,,,,,,,,,,,,,,,,,,,,,,,,,,,,,,,,,,,,,,,,,,,,,,,,,,,,,,,,,,,,,,,,,,,,,,,,,,,,
,,,,,,,,,,,,,,,,,,,,,,,,,,,,,,,,,,,,,,,,,,,,,,,,,,,,,,,,,,,,,,,,,,,,,,,,,,,,,,,,,,,,,,,,,,,,,,,,,,,,,,,,,,,,,
,,,,,,,,,,,,,,,,,,,,,,,,,,,,,,,,,,,,,,,,,,,,,,,,,,,,,,,,,,,,,,,,,,,,,,,,,,,,,,,,,,,,,,,,,,,,,,,,,,,,,,,,,,,,,
,,,,,,,,,,,,,,,,,,,,,,,,,,,,,,,,,,,,,,,,,,,,,,,,,,,,,,,,,,,,,,,,,,,,,,,,,,,,,,,,,,,,,,,,,,,,,,,,,,,,,,,,,,,,,
,,,,,,,,,,,,,,,,,,,,,,,,,,,,,,,,,,,,,,,,,,,,,,,,,,,,,,,,,,,,,,,,,,,,,,,,,,,,,,,,,,,,,,,,,,,,,,,,,,,,,,,,,,,,,
,,,,,,,,,,,,,,,,,,,,,,,,,,,,,,,,,,,,,,,,,,,,,,,,,,,,,,,,,,,,,,,,,,,,,,,,,,,,,,,,,,,,,,,,,,,,,,,,,,,,,,,,,,,,,
,,,,,,,,,,,,,,,,,,,,,,,,,,,,,,,,,,,,,,,,,,,,,,,,,,,,,,,,,,,,,,,,,,,,,,,,,,,,,,,,,,,,,,,,,,,,,,,,,,,,,,,,,,,,,
,,,,,,,,,,,,,,,,,,,,,,,,,,,,,,,,,,,,,,,,,,,,,,,,,,,,,,,,,,,,,,,,,,,,,,,,,,,,,,,,,,,,,,,,,,,,,,,,,,,,,,,,,,,,,
,,,,,,,,,,,,,,,,,,,,,,,,,,,,,,,,,,,,,,,,,,,,,,,,,,,,,,,,,,,,,,,,,,,,,,,,,,,,,,,,,,,,,,,,,,,,,,,,,,,,,,,,,,,,,
,,,,,,,,,,,,,,,,,,,,,,,,,,,,,,,,,,,,,,,,,,,,,,,,,,,,,,,,,,,,,,,,,,,,,,,,,,,,,,,,,,,,,,,,,,,,,,,,,,,,,,,,,,,,,
,,,,,,,,,,,,,,,,,,,,,,,,,,,,,,,,,,,,,,,,,,,,,,,,,,,,,,,,,,,,,,,,,,,,,,,,,,,,,,,,,,,,,,,,,,,,,,,,,,,,,,,,,,,,,
,,,,,,,,,,,,,,,,,,,,,,,,,,,,,,,,,,,,,,,,,,,,,,,,,,,,,,,,,,,,,,,,,,,,,,,,,,,,,,,,,,,,,,,,,,,,,,,,,,,,,,,,,,,,,
,,,,,,,,,,,,,,,,,,,,,,,,,,,,,,,,,,,,,,,,,,,,,,,,,,,,,,,,,,,,,,,,,,,,,,,,,,,,,,,,,,,,,,,,,,,,,,,,,,,,,,,,,,,,,
,,,,,,,,,,,,,,,,,,,,,,,,,,,,,,,,,,,,,,,,,,,,,,,,,,,,,,,,,,,,,,,,,,,,,,,,,,,,,,,,,,,,,,,,,,,,,,,,,,,,,,,,,,,,,
,,,,,,,,,,,,,,,,,,,,,,,,,,,,,,,,,,,,,,,,,,,,,,,,,,,,,,,,,,,,,,,,,,,,,,,,,,,,,,,,,,,,,,,,,,,,,,,,,,,,,,,,,,,,,
,,,,,,,,,,,,,,,,,,,,,,,,,,,,,,,,,,,,,,,,,,,,,,,,,,,,,,,,,,,,,,,,,,,,,,,,,,,,,,,,,,,,,,,,,,,,,,,,,,,,,,,,,,,,,
,,,,,,,,,,,,,,,,,,,,,,,,,,,,,,,,,,,,,,,,,,,,,,,,,,,,,,,,,,,,,,,,,,,,,,,,,,,,,,,,,,,,,,,,,,,,,,,,,,,,,,,,,,,,,
,,,,,,,,,,,,,,,,,,,,,,,,,,,,,,,,,,,,,,,,,,,,,,,,,,,,,,,,,,,,,,,,,,,,,,,,,,,,,,,,,,,,,,,,,,,,,,,,,,,,,,,,,,,,,
,,,,,,,,,,,,,,,,,,,,,,,,,,,,,,,,,,,,,,,,,,,,,,,,,,,,,,,,,,,,,,,,,,,,,,,,,,,,,,,,,,,,,,,,,,,,,,,,,,,,,,,,,,,,,
,,,,,,,,,,,,,,,,,,,,,,,,,,,,,,,,,,,,,,,,,,,,,,,,,,,,,,,,,,,,,,,,,,,,,,,,,,,,,,,,,,,,,,,,,,,,,,,,,,,,,,,,,,,,,
,,,,,,,,,,,,,,,,,,,,,,,,,,,,,,,,,,,,,,,,,,,,,,,,,,,,,,,,,,,,,,,,,,,,,,,,,,,,,,,,,,,,,,,,,,,,,,,,,,,,,,,,,,,,,
,,,,,,,,,,,,,,,,,,,,,,,,,,,,,,,,,,,,,,,,,,,,,,,,,,,,,,,,,,,,,,,,,,,,,,,,,,,,,,,,,,,,,,,,,,,,,,,,,,,,,,,,,,,,,
,,,,,,,,,,,,,,,,,,,,,,,,,,,,,,,,,,,,,,,,,,,,,,,,,,,,,,,,,,,,,,,,,,,,,,,,,,,,,,,,,,,,,,,,,,,,,,,,,,,,,,,,,,,,,
,,,,,,,,,,,,,,,,,,,,,,,,,,,,,,,,,,,,,,,,,,,,,,,,,,,,,,,,,,,,,,,,,,,,,,,,,,,,,,,,,,,,,,,,,,,,,,,,,,,,,,,,,,,,,
,,,,,,,,,,,,,,,,,,,,,,,,,,,,,,,,,,,,,,,,,,,,,,,,,,,,,,,,,,,,,,,,,,,,,,,,,,,,,,,,,,,,,,,,,,,,,,,,,,,,,,,,,,,,,
,,,,,,,,,,,,,,,,,,,,,,,,,,,,,,,,,,,,,,,,,,,,,,,,,,,,,,,,,,,,,,,,,,,,,,,,,,,,,,,,,,,,,,,,,,,,,,,,,,,,,,,,,,,,,
,,,,,,,,,,,,,,,,,,,,,,,,,,,,,,,,,,,,,,,,,,,,,,,,,,,,,,,,,,,,,,,,,,,,,,,,,,,,,,,,,,,,,,,,,,,,,,,,,,,,,,,,,,,,,
,,,,,,,,,,,,,,,,,,,,,,,,,,,,,,,,,,,,,,,,,,,,,,,,,,,,,,,,,,,,,,,,,,,,,,,,,,,,,,,,,,,,,,,,,,,,,,,,,,,,,,,,,,,,,
,,,,,,,,,,,,,,,,,,,,,,,,,,,,,,,,,,,,,,,,,,,,,,,,,,,,,,,,,,,,,,,,,,,,,,,,,,,,,,,,,,,,,,,,,,,,,,,,,,,,,,,,,,,,,
,,,,,,,,,,,,,,,,,,,,,,,,,,,,,,,,,,,,,,,,,,,,,,,,,,,,,,,,,,,,,,,,,,,,,,,,,,,,,,,,,,,,,,,,,,,,,,,,,,,,,,,,,,,,,
,,,,,,,,,,,,,,,,,,,,,,,,,,,,,,,,,,,,,,,,,,,,,,,,,,,,,,,,,,,,,,,,,,,,,,,,,,,,,,,,,,,,,,,,,,,,,,,,,,,,,,,,,,,,,
,,,,,,,,,,,,,,,,,,,,,,,,,,,,,,,,,,,,,,,,,,,,,,,,,,,,,,,,,,,,,,,,,,,,,,,,,,,,,,,,,,,,,,,,,,,,,,,,,,,,,,,,,,,,,
,,,,,,,,,,,,,,,,,,,,,,,,,,,,,,,,,,,,,,,,,,,,,,,,,,,,,,,,,,,,,,,,,,,,,,,,,,,,,,,,,,,,,,,,,,,,,,,,,,,,,,,,,,,,,
,,,,,,,,,,,,,,,,,,,,,,,,,,,,,,,,,,,,,,,,,,,,,,,,,,,,,,,,,,,,,,,,,,,,,,,,,,,,,,,,,,,,,,,,,,,,,,,,,,,,,,,,,,,,,
,,,,,,,,,,,,,,,,,,,,,,,,,,,,,,,,,,,,,,,,,,,,,,,,,,,,,,,,,,,,,,,,,,,,,,,,,,,,,,,,,,,,,,,,,,,,,,,,,,,,,,,,,,,,,
,,,,,,,,,,,,,,,,,,,,,,,,,,,,,,,,,,,,,,,,,,,,,,,,,,,,,,,,,,,,,,,,,,,,,,,,,,,,,,,,,,,,,,,,,,,,,,,,,,,,,,,,,,,,,
,,,,,,,,,,,,,,,,,,,,,,,,,,,,,,,,,,,,,,,,,,,,,,,,,,,,,,,,,,,,,,,,,,,,,,,,,,,,,,,,,,,,,,,,,,,,,,,,,,,,,,,,,,,,,
,,,,,,,,,,,,,,,,,,,,,,,,,,,,,,,,,,,,,,,,,,,,,,,,,,,,,,,,,,,,,,,,,,,,,,,,,,,,,,,,,,,,,,,,,,,,,,,,,,,,,,,,,,,,,
,,,,,,,,,,,,,,,,,,,,,,,,,,,,,,,,,,,,,,,,,,,,,,,,,,,,,,,,,,,,,,,,,,,,,,,,,,,,,,,,,,,,,,,,,,,,,,,,,,,,,,,,,,,,,
,,,,,,,,,,,,,,,,,,,,,,,,,,,,,,,,,,,,,,,,,,,,,,,,,,,,,,,,,,,,,,,,,,,,,,,,,,,,,,,,,,,,,,,,,,,,,,,,,,,,,,,,,,,,,
,,,,,,,,,,,,,,,,,,,,,,,,,,,,,,,,,,,,,,,,,,,,,,,,,,,,,,,,,,,,,,,,,,,,,,,,,,,,,,,,,,,,,,,,,,,,,,,,,,,,,,,,,,,,,
,,,,,,,,,,,,,,,,,,,,,,,,,,,,,,,,,,,,,,,,,,,,,,,,,,,,,,,,,,,,,,,,,,,,,,,,,,,,,,,,,,,,,,,,,,,,,,,,,,,,,,,,,,,,,
,,,,,,,,,,,,,,,,,,,,,,,,,,,,,,,,,,,,,,,,,,,,,,,,,,,,,,,,,,,,,,,,,,,,,,,,,,,,,,,,,,,,,,,,,,,,,,,,,,,,,,,,,,,,,
,,,,,,,,,,,,,,,,,,,,,,,,,,,,,,,,,,,,,,,,,,,,,,,,,,,,,,,,,,,,,,,,,,,,,,,,,,,,,,,,,,,,,,,,,,,,,,,,,,,,,,,,,,,,,
,,,,,,,,,,,,,,,,,,,,,,,,,,,,,,,,,,,,,,,,,,,,,,,,,,,,,,,,,,,,,,,,,,,,,,,,,,,,,,,,,,,,,,,,,,,,,,,,,,,,,,,,,,,,,
,,,,,,,,,,,,,,,,,,,,,,,,,,,,,,,,,,,,,,,,,,,,,,,,,,,,,,,,,,,,,,,,,,,,,,,,,,,,,,,,,,,,,,,,,,,,,,,,,,,,,,,,,,,,,
,,,,,,,,,,,,,,,,,,,,,,,,,,,,,,,,,,,,,,,,,,,,,,,,,,,,,,,,,,,,,,,,,,,,,,,,,,,,,,,,,,,,,,,,,,,,,,,,,,,,,,,,,,,,,
,,,,,,,,,,,,,,,,,,,,,,,,,,,,,,,,,,,,,,,,,,,,,,,,,,,,,,,,,,,,,,,,,,,,,,,,,,,,,,,,,,,,,,,,,,,,,,,,,,,,,,,,,,,,,
,,,,,,,,,,,,,,,,,,,,,,,,,,,,,,,,,,,,,,,,,,,,,,,,,,,,,,,,,,,,,,,,,,,,,,,,,,,,,,,,,,,,,,,,,,,,,,,,,,,,,,,,,,,,,
,,,,,,,,,,,,,,,,,,,,,,,,,,,,,,,,,,,,,,,,,,,,,,,,,,,,,,,,,,,,,,,,,,,,,,,,,,,,,,,,,,,,,,,,,,,,,,,,,,,,,,,,,,,,,
,,,,,,,,,,,,,,,,,,,,,,,,,,,,,,,,,,,,,,,,,,,,,,,,,,,,,,,,,,,,,,,,,,,,,,,,,,,,,,,,,,,,,,,,,,,,,,,,,,,,,,,,,,,,,
,,,,,,,,,,,,,,,,,,,,,,,,,,,,,,,,,,,,,,,,,,,,,,,,,,,,,,,,,,,,,,,,,,,,,,,,,,,,,,,,,,,,,,,,,,,,,,,,,,,,,,,,,,,,,
,,,,,,,,,,,,,,,,,,,,,,,,,,,,,,,,,,,,,,,,,,,,,,,,,,,,,,,,,,,,,,,,,,,,,,,,,,,,,,,,,,,,,,,,,,,,,,,,,,,,,,,,,,,,,
,,,,,,,,,,,,,,,,,,,,,,,,,,,,,,,,,,,,,,,,,,,,,,,,,,,,,,,,,,,,,,,,,,,,,,,,,,,,,,,,,,,,,,,,,,,,,,,,,,,,,,,,,,,,,
,,,,,,,,,,,,,,,,,,,,,,,,,,,,,,,,,,,,,,,,,,,,,,,,,,,,,,,,,,,,,,,,,,,,,,,,,,,,,,,,,,,,,,,,,,,,,,,,,,,,,,,,,,,,,
,,,,,,,,,,,,,,,,,,,,,,,,,,,,,,,,,,,,,,,,,,,,,,,,,,,,,,,,,,,,,,,,,,,,,,,,,,,,,,,,,,,,,,,,,,,,,,,,,,,,,,,,,,,,,
,,,,,,,,,,,,,,,,,,,,,,,,,,,,,,,,,,,,,,,,,,,,,,,,,,,,,,,,,,,,,,,,,,,,,,,,,,,,,,,,,,,,,,,,,,,,,,,,,,,,,,,,,,,,,
,,,,,,,,,,,,,,,,,,,,,,,,,,,,,,,,,,,,,,,,,,,,,,,,,,,,,,,,,,,,,,,,,,,,,,,,,,,,,,,,,,,,,,,,,,,,,,,,,,,,,,,,,,,,,
,,,,,,,,,,,,,,,,,,,,,,,,,,,,,,,,,,,,,,,,,,,,,,,,,,,,,,,,,,,,,,,,,,,,,,,,,,,,,,,,,,,,,,,,,,,,,,,,,,,,,,,,,,,,,
,,,,,,,,,,,,,,,,,,,,,,,,,,,,,,,,,,,,,,,,,,,,,,,,,,,,,,,,,,,,,,,,,,,,,,,,,,,,,,,,,,,,,,,,,,,,,,,,,,,,,,,,,,,,,
,,,,,,,,,,,,,,,,,,,,,,,,,,,,,,,,,,,,,,,,,,,,,,,,,,,,,,,,,,,,,,,,,,,,,,,,,,,,,,,,,,,,,,,,,,,,,,,,,,,,,,,,,,,,,
,,,,,,,,,,,,,,,,,,,,,,,,,,,,,,,,,,,,,,,,,,,,,,,,,,,,,,,,,,,,,,,,,,,,,,,,,,,,,,,,,,,,,,,,,,,,,,,,,,,,,,,,,,,,,
,,,,,,,,,,,,,,,,,,,,,,,,,,,,,,,,,,,,,,,,,,,,,,,,,,,,,,,,,,,,,,,,,,,,,,,,,,,,,,,,,,,,,,,,,,,,,,,,,,,,,,,,,,,,,
,,,,,,,,,,,,,,,,,,,,,,,,,,,,,,,,,,,,,,,,,,,,,,,,,,,,,,,,,,,,,,,,,,,,,,,,,,,,,,,,,,,,,,,,,,,,,,,,,,,,,,,,,,,,,
,,,,,,,,,,,,,,,,,,,,,,,,,,,,,,,,,,,,,,,,,,,,,,,,,,,,,,,,,,,,,,,,,,,,,,,,,,,,,,,,,,,,,,,,,,,,,,,,,,,,,,,,,,,,,
,,,,,,,,,,,,,,,,,,,,,,,,,,,,,,,,,,,,,,,,,,,,,,,,,,,,,,,,,,,,,,,,,,,,,,,,,,,,,,,,,,,,,,,,,,,,,,,,,,,,,,,,,,,,,
,,,,,,,,,,,,,,,,,,,,,,,,,,,,,,,,,,,,,,,,,,,,,,,,,,,,,,,,,,,,,,,,,,,,,,,,,,,,,,,,,,,,,,,,,,,,,,,,,,,,,,,,,,,,,
,,,,,,,,,,,,,,,,,,,,,,,,,,,,,,,,,,,,,,,,,,,,,,,,,,,,,,,,,,,,,,,,,,,,,,,,,,,,,,,,,,,,,,,,,,,,,,,,,,,,,,,,,,,,,
,,,,,,,,,,,,,,,,,,,,,,,,,,,,,,,,,,,,,,,,,,,,,,,,,,,,,,,,,,,,,,,,,,,,,,,,,,,,,,,,,,,,,,,,,,,,,,,,,,,,,,,,,,,,,
,,,,,,,,,,,,,,,,,,,,,,,,,,,,,,,,,,,,,,,,,,,,,,,,,,,,,,,,,,,,,,,,,,,,,,,,,,,,,,,,,,,,,,,,,,,,,,,,,,,,,,,,,,,,,
,,,,,,,,,,,,,,,,,,,,,,,,,,,,,,,,,,,,,,,,,,,,,,,,,,,,,,,,,,,,,,,,,,,,,,,,,,,,,,,,,,,,,,,,,,,,,,,,,,,,,,,,,,,,,
,,,,,,,,,,,,,,,,,,,,,,,,,,,,,,,,,,,,,,,,,,,,,,,,,,,,,,,,,,,,,,,,,,,,,,,,,,,,,,,,,,,,,,,,,,,,,,,,,,,,,,,,,,,,,
,,,,,,,,,,,,,,,,,,,,,,,,,,,,,,,,,,,,,,,,,,,,,,,,,,,,,,,,,,,,,,,,,,,,,,,,,,,,,,,,,,,,,,,,,,,,,,,,,,,,,,,,,,,,,
,,,,,,,,,,,,,,,,,,,,,,,,,,,,,,,,,,,,,,,,,,,,,,,,,,,,,,,,,,,,,,,,,,,,,,,,,,,,,,,,,,,,,,,,,,,,,,,,,,,,,,,,,,,,,
,,,,,,,,,,,,,,,,,,,,,,,,,,,,,,,,,,,,,,,,,,,,,,,,,,,,,,,,,,,,,,,,,,,,,,,,,,,,,,,,,,,,,,,,,,,,,,,,,,,,,,,,,,,,,
,,,,,,,,,,,,,,,,,,,,,,,,,,,,,,,,,,,,,,,,,,,,,,,,,,,,,,,,,,,,,,,,,,,,,,,,,,,,,,,,,,,,,,,,,,,,,,,,,,,,,,,,,,,,,
,,,,,,,,,,,,,,,,,,,,,,,,,,,,,,,,,,,,,,,,,,,,,,,,,,,,,,,,,,,,,,,,,,,,,,,,,,,,,,,,,,,,,,,,,,,,,,,,,,,,,,,,,,,,,
,,,,,,,,,,,,,,,,,,,,,,,,,,,,,,,,,,,,,,,,,,,,,,,,,,,,,,,,,,,,,,,,,,,,,,,,,,,,,,,,,,,,,,,,,,,,,,,,,,,,,,,,,,,,,
,,,,,,,,,,,,,,,,,,,,,,,,,,,,,,,,,,,,,,,,,,,,,,,,,,,,,,,,,,,,,,,,,,,,,,,,,,,,,,,,,,,,,,,,,,,,,,,,,,,,,,,,,,,,,
,,,,,,,,,,,,,,,,,,,,,,,,,,,,,,,,,,,,,,,,,,,,,,,,,,,,,,,,,,,,,,,,,,,,,,,,,,,,,,,,,,,,,,,,,,,,,,,,,,,,,,,,,,,,,
